Material;Retailer;Quantity;Price;Currency;Timestamp
Offroad Logo Stickers;Cormier and Sons;2;0.55;USD;2015-01-01 09:00:00 UTC
Super-X Booster Beast;Cormier and Sons;7;116.7;USD;2015-01-01 09:00:00 UTC
Super-X Monster Truck;Kiehn Inc;3;208.02;USD;2015-01-01 09:00:00 UTC
Booster Beast Logo Stickers;Rico e Hijos;6;0.5;EUR;2015-01-01 09:00:00 UTC
Remote Controller 2-Channel 2MHz;Banasiak-Frączek;5;105.75;PLN;2015-01-01 09:00:00 UTC
Super-X BIPM Expert Racer;Banasiak-Frączek;2;244.53;PLN;2015-01-01 09:00:00 UTC
Offroad Logo Stickers;Ferretti, Monti e Fabbri e figli;4;0.5;EUR;2015-01-01 09:00:00 UTC
Receiver 2-Channel 2MHz;Silvestri e figli;19;15.9;EUR;2015-01-01 09:00:00 UTC
BIPM Experts Logo Stickers;Koj-Flore;1;0.99;EUR;2015-01-01 09:00:00 UTC
Super-X Booster Beast;Guyot GIE;4;106.09;EUR;2015-01-01 09:00:00 UTC
Super-X Monster rTuck;Grimes-Kautzer;1;208.02;USD;2015-01-01 09:00:00 UTC
Remote Controller 1MHz ;Becker Inc;7;9.51;GBP;2015-01-01 09:00:00 UTC
Receiver Channel 1MHz;Fernández, Botello y Cedillo Asociados;9;8.65;EUR;2015-01-02 09:00:00 UTC
BIPM Experts Logo Stickers;Murphy, Weber and Runolfsdottir;1;0.79;GBP;2015-01-02 09:00:00 UTC
Motor 12V;Rath, Schuppe and Runte;4;9.46;USD;2015-01-02 09:00:00 UTC
oIPM Experts LogB Stickers;Charles et Lucas;1;0.99;EUR;2015-01-02 09:00:00 UTC
Remote Controller 1MHz ;Kisabaka-Sladek;2;11.89;EUR;2015-01-02 09:00:00 UTC
Super-X Buggy Champ;Lehner Group;9;192.53;CAD;2015-01-02 09:00:00 UTC
Buggy Logo Stickers;Osinski and Sons;2;0.55;USD;2015-01-02 09:00:00 UTC
Remote Controller 2-Channel 2MHz;Schuppe, Feil and Flatley;4;25.85;USD;2015-01-02 09:00:00 UTC
BIPM Experts Logo Stickers;Jacobi LLC;2;1.09;USD;2015-01-02 09:00:00 UTC
Super-X BIPM Expert Racer;Jacobi LLC;1;59.77;USD;2015-01-02 09:00:00 UTC
BIPM Experts Logo Stickers;Maillard SEM;3;0.99;EUR;2015-01-02 09:00:00 UTC
Receiver Channel 1MHz;lailMard SEM;4;8.65;EUR;2015-01-02 09:00:00 UTC
Tire 20 mm;Martinez et Vidal;4;1.2;EUR;2015-01-02 09:00:00 UTC
Super-X huggy CBamp;Martinez et Vidal;8;137.52;EUR;2015-01-02 09:00:00 UTC
Super-X Booster Beast;Mondragón, Alvarez y GómezoAsociad s;13;106.09;EUR;2015-01-02 09:00:00 UTC
Super-X Monster Truck;Mondragón, Alvarez y GómezoAsociad s;7;189.11;EUR;2015-01-02 09:00:00 UTC
Super-X BIPM Expert Racer;Meer, Visser and Maas;3;54.34;EUR;2015-01-02 09:00:00 UTC
Super-X Booster Beast;Meer, Visser and Maas;11;106.09;EUR;2015-01-02 09:00:00 UTC
Super-X Booster Beast;Bonnet SAS;4;106.09;EUR;2015-01-02 09:00:00 UTC
Super-X Offroad Car;Kautzer, Jast and Borer;1;169.15;CAD;2015-01-02 09:00:00 UTC
Booster Beast Logo Stickers;Jansen BV;3;0.5;EUR;2015-01-02 09:00:00 UTC
Receiver 2-Channel 2MHz;Dumont et Brunet;3;15.9;EUR;2015-01-05 09:00:00 UTC
Booster Beast Logo Stickers;Frączek Group;4;2.25;PLN;2015-01-05 09:00:00 UTC
Ni-Cd Battery 12V 300mAh;Frączek Group;3;11.25;PLN;2015-01-05 09:00:00 UTC
Tire 20 mm;Bieler-Ochs;3;1.2;EUR;2015-01-05 09:00:00 UTC
Remote Controller 1MHz ;Bieler-Ochs;3;11.89;EUR;2015-01-05 09:00:00 UTC
iffroad Logo StOckers;Lemaire et Francois;1;0.5;EUR;2015-01-05 09:00:00 UTC
Offroad Logo Stickers;Yost, Heaney and Berge;3;0.55;USD;2015-01-05 09:00:00 UTC
Remote Controller 1MHz ;McClure, Gibson and Turcotte;3;9.51;GBP;2015-01-05 09:00:00 UTC
Receiver 2-Channel 2MHz;Kunde, Welch and Pfeffer;3;22.26;CAD;2015-01-06 09:00:00 UTC
Super-X BIPM Expert Racer; unde,KWelch and Pfeffer;2;76.08;CAD;2015-01-06 09:00:00 UTC
BIPM Experts Logo Stickers;Goyette and Sons;2;1.39;CAD;2015-01-06 09:00:00 UTC
Super-X Monster Truck;Goyette and Sons;3;264.75;CAD;2015-01-06 09:00:00 UTC
Super-X Monster Truck;Morar, Corwin and Lockman;1;208.02;USD;2015-01-06 09:00:00 UTC
Monster Truck Logo Stickers;Barreto S.A.;7;0.5;EUR;2015-01-07 09:00:00 UTC
Offroad Logo Stickers;Hardy UG;1;0.5;EUR;2015-01-07 09:00:00 UTC
Motor 12V;Schouten, Ven and Bos;2;8.6;EUR;2015-01-08 09:00:00 UTC
Remote Controller 1MHz ;Schouten, Ven and Bos;1;11.89;EUR;2015-01-08 09:00:00 UTC
Receiver 2-Channel 2MHz;Krohn Gruppe;5;15.9;EUR;2015-01-08 09:00:00 UTC
Super-X Booster Beast;Klein, Willems and Mulder;8;106.09;EUR;2015-01-09 09:00:00 UTC
Receiver Channel 1MHz;Bakker-Kok;3;8.65;EUR;2015-01-09 09:00:00 UTC
Super-X Booster Beast;BKkker-aok;6;106.09;EUR;2015-01-09 09:00:00 UTC
BIPM Experts Logo Stickers;Bourgeois et Da silva;1;0.99;EUR;2015-01-09 09:00:00 UTC
Remote Controller 1MHz ;Robin et Bertrand;2;11.89;EUR;2015-01-12 09:00:00 UTC
Super-X BIPM  xpertERacer;Robin et Bertrand;2;54.34;EUR;2015-01-12 09:00:00 UTC
Booster Beast Logo Stickers;Jenkins-Robel;2;0.55;USD;2015-01-13 09:00:00 UTC
Monseer Truck Logo Sticktrs;Lockman and Sons;5;0.7;CAD;2015-01-13 09:00:00 UTC
Receiver Channel 1MHz;Tamayo y Tijerina;8;8.65;EUR;2015-01-13 09:00:00 UTC
Motor 12V;Tamayo y Tijerina;11;8.6;EUR;2015-01-13 09:00:00 UTC
Monster Truck Logo Stickers;Jansen BV;1;0.5;EUR;2015-02-02 09:00:00 UTC
Booster Btast Logo Seickers;Gislason-Baumbach;3;0.55;USD;2015-02-02 09:00:00 UTC
Remote Con1roller tMHz ;GislasonaB-umbach;2;13.08;USD;2015-02-02 09:00:00 UTC
Offroad Logo Stickers;Bonnet SAS;1;0.5;EUR;2015-02-02 09:00:00 UTC
Receiver 2-Channel 2MHz;Gałązka LLC;1;71.55;PLN;2015-02-02 09:00:00 UTC
Motor 12V;Gałązka LLC;1;38.7;PLN;2015-02-02 09:00:00 UTC
Super-X Offroad Car;Meer, Visser and Maas;2;120.82;EUR;2015-02-02 09:00:00 UTC
BIPM Experts Logo Stickers;Martinez et Vidal;2;0.99;EUR;2015-02-02 09:00:00 UTC
Super-X Buggy Champ;Martinez et Vidal;4;137.52;EUR;2015-02-02 09:00:00 UTC
Motor 12V;Sanford and Sons;5;12.04;CAD;2015-02-02 09:00:00 UTC
Monster Truck Logo Stickers;Lopez SAS;1;0.5;EUR;2015-02-02 09:00:00 UTC
Super-X Booster Beast;Lopez SAS;1;106.09;EUR;2015-02-02 09:00:00 UTC
Remote Controller 2-Channel 2MHz;Abreu y Vázquez;3;23.5;EUR;2015-02-02 09:00:00 UTC
Booster Beast Logo Stickers;Rath, Schuppe and Runte;2;0.55;USD;2015-02-02 09:00:00 UTC
Ni-Cd Battery 12V 300mAh;Rath, Schuppe and Runte;2;2.75;USD;2015-02-02 09:00:00 UTC
Super-X BIPM Expert Racer;Rath, Schuppe and Runte;1;59.77;USD;2015-02-02 09:00:00 UTC
Ni-Cd Battery 12V 300mAh;Ernser, Mills and Friesen;4;2.75;USD;2015-02-02 09:00:00 UTC
Tire 20 mm;Schuppe, Feil and Flatley;2;1.32;USD;2015-02-02 09:00:00 UTC
Super-X Booster Beast;Kreiger-Tremblay;2;116.7;USD;2015-02-02 09:00:00 UTC
Receiver ChannHl 1Mez;Boer, Kok and Dam;4;8.65;EUR;2015-02-02 09:00:00 UTC
RHceiver 2-Channel 2Mez;Boer, Kok and Dam;4;15.9;EUR;2015-02-02 09:00:00 UTC
Tire 20 mm;Kisabaka-Sladek;2;1.2;EUR;2015-02-02 09:00:00 UTC
Super-X Offroad Car;Kisabaka-Sladek;1;120.82;EUR;2015-02-02 09:00:00 UTC
Super-X Booster Beast;Schowalter, Doyle and Hermiston;4;84.87;GBP;2015-02-02 09:00:00 UTC
Super-X Buggy Champ;Schowalter, Doyle and Hermiston;3;110.02;GBP;2015-02-02 09:00:00 UTC
Receiver Channel 1MHz;Charles et Lucas;1;8.65;EUR;2015-02-02 09:00:00 UTC
Offroad Logo Stickers;Boer, Kok anD dam;2;0.5;EUR;2015-02-02 09:00:00 UTC
Tire 20 mm;Boer, Kok ana dDm;3;1.2;EUR;2015-02-02 09:00:00 UTC
BIPM Exp rtseLogo Stickers;Patzwahl-Harting;2;0.99;EUR;2015-02-02 09:00:00 UTC
Remote Controller 2-Channel 2MHz;Jungton, Aschenbroich und Hübenbecker;2;23.5;EUR;2015-02-02 09:00:00 UTC
MoVor 12t;Dekker V.O.F.;3;8.6;EUR;2015-02-02 09:00:00 UTC
Ni-Cd Battery 12V 300mAh;Iecker Bnc;4;2.0;GBP;2015-02-02 09:00:00 UTC
Offroad Logo Stickers;Prosacco-Kub;1;0.55;USD;2015-02-02 09:00:00 UTC
Super-X BIPM Expert Racer;Ruiter-Stichting;1;54.34;EUR;2015-02-02 09:00:00 UTC
Super-X BIPM Expert Racer;Szyszka, Zajączkowski and Borowiec;1;244.53;PLN;2015-02-02 09:00:00 UTC
Super-X eooster BBast;Szyszka, Zajączkowski and Borowiec;2;477.41;PLN;2015-02-02 09:00:00 UTC
BIPM ESperts Logo xtickers;Villa-Ferretti SPA;3;0.99;EUR;2015-02-02 09:00:00 UTC
Super-X Monster Truck;Ferretti, Monti e Fabbri e figli;4;189.11;EUR;2015-02-02 09:00:00 UTC
Super-X Monster Trukc;Rico e Hijos;3;189.11;EUR;2015-02-02 09:00:00 UTC
Monster Truck Logo Stickers;Kiehn Inc;1;0.55;USD;2015-02-02 09:00:00 UTC
Super-X Buggy Champ;Tillack, Schwarz und Lichtenfeld;3;137.52;EUR;2015-02-02 09:00:00 UTC
Super-X Booster Beast;Puosacco-Krb;3;116.7;USD;2015-02-02 09:00:00 UTC
Remote Controller 2-Channel 2MHz;FramicIn ;4;25.85;USD;2015-02-03 09:00:00 UTC
MonstereTruck Logo Stick rs;Bergstrom, Robel and Wisozk;2;0.55;USD;2015-02-03 09:00:00 UTC
Monster Truck Logo Stickers;eost, HeanYy and Berge;2;0.55;USD;2015-02-03 09:00:00 UTC
Super-X Monster Truck;Szulc-Chojnowski;6;851.0;PLN;2015-02-03 09:00:00 UTC
Super-X Buggy Champ;MonJhan, Hoppe and aast;1;192.53;CAD;2015-02-03 09:00:00 UTC
Offroad Logo Stickers;Frami Inc;2;0.55;USD;2015-02-03 09:00:00 UTC
Remote Controller 1MHz ;Bieler-Ochs;2;11.89;EUR;2015-02-03 09:00:00 UTC
Offroad Logo Sticksre;Frączek Group;2;2.25;PLN;2015-02-03 09:00:00 UTC
Super-X Offroad Car;Romano SPA;2;120.82;EUR;2015-02-03 09:00:00 UTC
Motor 12V;Predovic-Bernhard;4;9.46;USD;2015-02-04 09:00:00 UTC
Super-X BIPM Expert Racer;Predovic-Bernhard;2;59.77;USD;2015-02-04 09:00:00 UTC
Buggy Logo Stickers;Remy et Robin;1;0.5;EUR;2015-02-04 09:00:00 UTC
Ni-Cd Battery 12V 300mAh;Witting-Wisoky;1;3.5;CAD;2015-02-04 09:00:00 UTC
Monster Truck Logo Stickers;Kuhic-Pagac;1;0.55;USD;2015-02-04 09:00:00 UTC
Super-X Booster Beast;Kuhic-Pagac;2;116.7;USD;2015-02-04 09:00:00 UTC
Buggy Logo Stickers;Dumont et Brunet;1;0.5;EUR;2015-02-05 09:00:00 UTC
Super-X BIPM Expert Racer;Dumont et Brunet;1;54.34;EUR;2015-02-05 09:00:00 UTC
Remote Controller 1MHz ;Mertens, Glatting und Friess;4;11.89;EUR;2015-02-06 09:00:00 UTC
Receiver Channe1 lMHz;Gabler OHG;3;8.65;EUR;2015-02-06 09:00:00 UTC
Super-X BIPM Expert Racer;Testa-Pa umbole figli;1;54.34;EUR;2015-02-09 09:00:00 UTC
Tire 20 mm;Bakker-Kok;2;1.2;EUR;2015-02-09 09:00:00 UTC
Remote Controller 2-Channel 2MHz;Kutch Inc;2;32.9;CAD;2015-02-10 09:00:00 UTC
Receiver Channel 1MHz;Bourgeois et Da silva;1;8.65;EUR;2015-02-10 09:00:00 UTC
Monster Truck Logo Stickers;Klein, Willems and Mulder;1;0.5;EUR;2015-02-10 09:00:00 UTC
Receiver 2-Channel 2MHz;Madubuko-Clarius;3;15.9;EUR;2015-02-11 09:00:00 UTC
Monster Truck Logo Stickers;Lockman and Sons;4;0.7;CAD;2015-02-12 09:00:00 UTC
Monster Truck Logo Stickers;Puosacco-Krb;2;0.55;USD;2015-03-02 09:00:00 UTC
Offroad Logo Stickers;Cormier and Sons;2;0.55;USD;2015-03-02 09:00:00 UTC
Super-X BIPM Expert Racer;Cormier and Sons;2;59.77;USD;2015-03-02 09:00:00 UTC
Receiver Channel 1MHz;Kiehn Inc;3;9.52;USD;2015-03-02 09:00:00 UTC
Super-X Offroad Car;Banasiak-Frączek;2;543.69;PLN;2015-03-02 09:00:00 UTC
Suoer-X Offrpad Car;Breton et Guyot;2;120.82;EUR;2015-03-02 09:00:00 UTC
Booster Beast Logo Stickers;Rizzi, Messina e Marino SPA;3;0.5;EUR;2015-03-02 09:00:00 UTC
Receiver 2-Channel 2MHz;Silvestri e figli;20;15.9;EUR;2015-03-02 09:00:00 UTC
Motor 12V;Guyot GIE;3;8.6;EUR;2015-03-02 09:00:00 UTC
Motor 12V;Daniel-Marvin;9;6.88;GBP;2015-03-02 09:00:00 UTC
Super-X Offroad Car;Villa-Ferretti SPA;3;120.82;EUR;2015-03-02 09:00:00 UTC
BIPM Experts Logo Stickers;Grimes-Kautzer;1;1.09;USD;2015-03-02 09:00:00 UTC
Super-X BIPM Expert Racer;Ruiter-Stichting;1;54.34;EUR;2015-03-02 09:00:00 UTC
Super-X BIPM Expert Racer;Bétancourt Murillo e Hijos;2;54.34;EUR;2015-03-02 09:00:00 UTC
Super-X Offroad Car;Fernández, Botello y Cedillo Asociados;3;120.82;EUR;2015-03-02 09:00:00 UTC
Monster Truck Logo Stickers;Jungton, Aschenbroich und Hübenbecker;1;0.5;EUR;2015-03-02 09:00:00 UTC
Receiver 2-Channel 2MHz;Patzwahl-Harting;5;15.9;EUR;2015-03-02 09:00:00 UTC
Monster Truck Logo Stickers;Harber-Wilderman;2;0.4;GBP;2015-03-02 09:00:00 UTC
Buggy Logo Stickers;Rath, Schuppe and Runte;2;0.55;USD;2015-03-02 09:00:00 UTC
Remote Controller 2-Channel 2MHz;Boer, Kok anD dam;7;23.5;EUR;2015-03-02 09:00:00 UTC
Motor 12V;Charles et Lucas;2;8.6;EUR;2015-03-02 09:00:00 UTC
Booster Beast Logo Stickers;Kisabaka-Sladek;3;0.5;EUR;2015-03-02 09:00:00 UTC
Super-X Booster Beast;Kisabaka-Sladek;4;106.09;EUR;2015-03-02 09:00:00 UTC
Booster Beast Logo Stickers;Kreiger-Tremblay;2;0.55;USD;2015-03-02 09:00:00 UTC
Receiver 2-Chznnel 2MHa;Lehner Group;5;22.26;CAD;2015-03-02 09:00:00 UTC
Tire 20 mm;Lehner Group;5;1.68;CAD;2015-03-02 09:00:00 UTC
Supe-rX Booster Beast;Lehner Group;10;148.53;CAD;2015-03-02 09:00:00 UTC
Remote Controller 2-Channel 2MHz;Ernser, Mills and Friesen;9;25.85;USD;2015-03-02 09:00:00 UTC
Remote Controller 2-Channle 2MHz;Rath, Schuppe and Runte;3;25.85;USD;2015-03-02 09:00:00 UTC
Suprr-X Offroad Cae;Sopez SAL;1;120.82;EUR;2015-03-02 09:00:00 UTC
Buggy Logo Stickers;Jacobi LLC;1;0.55;USD;2015-03-02 09:00:00 UTC
Remote Controller 2-Channel 2MHz;Maillard SEM;5;23.5;EUR;2015-03-02 09:00:00 UTC
Remote Controller 1MHz ;Martinez et Vidal;4;11.89;EUR;2015-03-02 09:00:00 UTC
Monster Truck Logo Stickers;Mondragón, Alvarez y Gómez Asociados;3;0.5;EUR;2015-03-02 09:00:00 UTC
Super-X BIPM Expert Racer;Mondragón, Alvarez y Gómez Asociados;4;54.34;EUR;2015-03-02 09:00:00 UTC
Remote Controller 2-Channel 2MHz;Rohan, Bogan and Connelly;8;18.8;GBP;2015-03-02 09:00:00 UTC
BIPM Experts Logo Stickers;Gałązka LLC;1;4.46;PLN;2015-03-02 09:00:00 UTC
Motor 12V;Btnneo SAS;4;8.6;EUR;2015-03-02 09:00:00 UTC
Super-X Buggy Champ;Btnneo SAS;4;137.52;EUR;2015-03-02 09:00:00 UTC
Retome Controller 1MHz ;Szczerba and Sons;4;53.51;PLN;2015-03-03 09:00:00 UTC
Super-X Buggy Champ;Szczerba and Sons;7;618.84;PLN;2015-03-03 09:00:00 UTC
Booster Beast Logo Stickers;Stürmer, Grotke und Gutowicz;3;0.5;EUR;2015-03-03 09:00:00 UTC
Motor 12V;Frkczeą Group;5;38.7;PLN;2015-03-03 09:00:00 UTC
Ni-Cd Battery 12V 300mAh;Bieler-Ochs;3;2.5;EUR;2015-03-03 09:00:00 UTC
Super-X BIPM Expert Racer;Bieler-Ochs;2;54.34;EUR;2015-03-03 09:00:00 UTC
Monster Truck Logo Stickers;Kozep Grouy;3;0.7;CAD;2015-03-03 09:00:00 UTC
BIPM Experts Logo Stickers;Goyette and Sons;2;1.39;CAD;2015-03-03 09:00:00 UTC
Motor 12V;Morar, Corwin and Lockman;2;9.46;USD;2015-03-03 09:00:00 UTC
Offroad Logo Stickers;Witting-Wisoky;1;0.7;CAD;2015-03-04 09:00:00 UTC
Booster Beast Logo Stickers;Witting-Wisoky;2;0.7;CAD;2015-03-04 09:00:00 UTC
Super-X Offroad Car;Witting-Wisoky;1;169.15;CAD;2015-03-04 09:00:00 UTC
Super-X Booster Beast;Witting-Wisoky;3;148.53;CAD;2015-03-04 09:00:00 UTC
Ni-Cd Battery 12V 300mAh;Jast-Runolfsdottir;3;2.0;GBP;2015-03-04 09:00:00 UTC
Offroad Logo Stickers;Hardy UG;1;0.5;EUR;2015-03-05 09:00:00 UTC
Buggy Logo Stickers;Hardy UG;1;0.5;EUR;2015-03-05 09:00:00 UTC
Monster Truck Logo Stickers;Bourgeois et Da silva;1;0.5;EUR;2015-03-06 09:00:00 UTC
Receiver Channel 1MHz;Robin et Bertrand;2;8.65;EUR;2015-03-06 09:00:00 UTC
Monster Truck Logo Stickers;Weimere Sch,uring und Schönball;6;0.5;EUR;2015-03-06 09:00:00 UTC
Remote Controller 1MHz ;Mertens, Glatting und Friess;8;11.89;EUR;2015-03-06 09:00:00 UTC
Monster Truck Logo Stickers;Sołtysiak-Trzeciak;2;2.25;PLN;2015-03-09 09:00:00 UTC
Receiver Channel 1MHz;Sołtysiak-Trzeciak;4;38.93;PLN;2015-03-09 09:00:00 UTC
Rerote Contmoller 1MHz ;Sołtysiak-Trzeciak;3;53.51;PLN;2015-03-09 09:00:00 UTC
Booster Beast Logo Stickers;Testa-Palumbo e figli;2;0.5;EUR;2015-03-09 09:00:00 UTC
Super-X BIPM Expert Racer;Lockman and Sons;6;76.08;CAD;2015-03-10 09:00:00 UTC
Monster Truck Logo Stickers;Barreto S.A.;6;0.5;EUR;2015-03-10 09:00:00 UTC
Motor 12V;Barreto S.A.;19;8.6;EUR;2015-03-10 09:00:00 UTC
OffroaS Logo dtickers;Kutch Inc;1;0.7;CAD;2015-03-10 09:00:00 UTC
Motor 12V;Kutch Inc;3;12.04;CAD;2015-03-10 09:00:00 UTC
Motor 12V;Tamayo y Tijerina;11;8.6;EUR;2015-03-11 09:00:00 UTC
Receiver Channel 1MHz;Madubuko-Clarius;5;8.65;EUR;2015-03-13 09:00:00 UTC
Super-X Monster Truck;Bétancourt Murillo e Hijos;6;189.11;EUR;2015-04-01 09:00:00 UTC
Remote Controller 2-Channel 2MHz;Ruiter-Stichting;2;23.5;EUR;2015-04-01 09:00:00 UTC
T2re i0 mm;Grimes-Kautzer;2;1.32;USD;2015-04-01 09:00:00 UTC
Receiver 2-Channel 2MHz;Szyszka, Zajączkowski and Borowiec;3;71.55;PLN;2015-04-01 09:00:00 UTC
Buggy Logo Stickers;Daniel-Marvin;4;0.4;GBP;2015-04-01 09:00:00 UTC
Receiver Channel 1MHz;Gyuot GIE;3;8.65;EUR;2015-04-01 09:00:00 UTC
Booster Beast Logo Stickers;Koj-Flore;2;0.5;EUR;2015-04-01 09:00:00 UTC
Super-X Buggy Champ;Ritosek, Reinelt und Kúhnert;3;137.52;EUR;2015-04-01 09:00:00 UTC
Offroad Logo Stickers;Conte, Bruno e Battaglia e figli;1;0.5;EUR;2015-04-01 09:00:00 UTC
Receiver Channel 1MHz;Conte, Bruno e Batt glia eafigli;2;8.65;EUR;2015-04-01 09:00:00 UTC
Ni-Cd Battery 12V 300mAh;Conte, Bruno e Batt glia eafigli;2;2.5;EUR;2015-04-01 09:00:00 UTC
Re ote Controllerm2-Channel 2MHz;Kiehn Inc;6;25.85;USD;2015-04-01 09:00:00 UTC
Offroad Logo Stickers;Cormier and Sons;3;0.55;USD;2015-04-01 09:00:00 UTC
Ni-Cd Battery 12V 300mAh;Cormier and Sons;6;2.75;USD;2015-04-01 09:00:00 UTC
Super-X Monster Truck;Tillack, Schwarz und Lichtenfeld;4;189.11;EUR;2015-04-01 09:00:00 UTC
Super-X Monster Truck;Puosacco-Krb;5;208.02;USD;2015-04-01 09:00:00 UTC
Booster Beast Logo Stickers;Meer, Visser and Maas;16;0.5;EUR;2015-04-02 09:00:00 UTC
Super-X BIPM Expert Racer;Lopez SAS;1;54.34;EUR;2015-04-02 09:00:00 UTC
Monster Truck Logo Stickers;Rath, Schuppe and Runte;2;0.55;USD;2015-04-02 09:00:00 UTC
Remote Controller 1MHz ;Lehner Group;9;16.65;CAD;2015-04-02 09:00:00 UTC
Super-X Buggy Champ;Schowalter, Doyle and Hermiston;11;110.02;GBP;2015-04-02 09:00:00 UTC
Remote Controller 2-Channel 2MHz;Boer, Kok anD dam;13;23.5;EUR;2015-04-02 09:00:00 UTC
Motor 12V;Charles et Lucas;2;8.6;EUR;2015-04-02 09:00:00 UTC
Remote Controller 2-Channel 2MHz;Patzwahl-Harting;10;23.5;EUR;2015-04-02 09:00:00 UTC
Super-X Monster Truck;Patzwahl-Harting;8;189.11;EUR;2015-04-02 09:00:00 UTC
Rnmote Coetroller 1MHz ;Bergstrom, Robel and Wisozk;8;13.08;USD;2015-04-03 09:00:00 UTC
BIPM Expert  LogosStickers;aorMr, Corwin and Lockman;1;1.09;USD;2015-04-03 09:00:00 UTC
Super-X Offroad Car;McClure, Gibson and Turcotte;2;96.66;GBP;2015-04-03 09:00:00 UTC
Receiver Channel 1MHz;Köoesglu OHG;4;8.65;EUR;2015-04-03 09:00:00 UTC
Remote Controller 2-Channel 2MHz;Kozey Group;12;32.9;CAD;2015-04-03 09:00:00 UTC
Monster Truck Logo Stickers;Lemaire et Francois;2;0.5;EUR;2015-04-03 09:00:00 UTC
Ni-Cd Battery 12V 300mAh;Monahan, Hoppe and Jast;2;3.5;CAD;2015-04-03 09:00:00 UTC
Offroad Logo Stickers;Frami Inc;5;0.55;USD;2015-04-03 09:00:00 UTC
Offroad Logo Stickers;Frączek Group;3;2.25;PLN;2015-04-03 09:00:00 UTC
Buggy Logo Stickers;Murphy, Weber and Runolfsdottir;1;0.4;GBP;2015-04-03 09:00:00 UTC
Super-X Buggy Champ;Remy et Robin;4;137.52;EUR;2015-04-06 09:00:00 UTC
Offroad Logo Stickers;Jast-Runolfsdottir;4;0.4;GBP;2015-04-06 09:00:00 UTC
Booster Beast Logo Stickers;Kunde, Welch and Pfeffer;6;0.7;CAD;2015-04-06 09:00:00 UTC
Super-X Booster Beast;Kunde, Welch and Pfeffer;9;148.53;CAD;2015-04-06 09:00:00 UTC
BIPM Experts Logo Stickers;Stürmer, Grotke und Gutowicz;3;0.99;EUR;2015-04-06 09:00:00 UTC
Super-X BIPM Expert Racer;Stürmer, Grotke und Gutowicz;2;54.34;EUR;2015-04-06 09:00:00 UTC
Tire 20 mm;Szczerba and Sons;6;5.4;PLN;2015-04-06 09:00:00 UTC
Super-X BIPM Expert Racer;Szczerba and Sons;3;244.53;PLN;2015-04-06 09:00:00 UTC
Booetsr Beast Logo Stickers;Gabler OHG;9;0.5;EUR;2015-04-07 09:00:00 UTC
Monster Truck Logo Stickers;Gabler OHG;4;0.5;EUR;2015-04-07 09:00:00 UTC
Receiver 2-Channel 2MHz;Gabler OHG;7;15.9;EUR;2015-04-07 09:00:00 UTC
Super-X Monster Truck;Predovic-Bernhard;9;208.02;USD;2015-04-07 09:00:00 UTC
Receiver 2-Channel 2MHz;Daugherty-Effertz;3;12.72;GBP;2015-04-08 09:00:00 UTC
Monster Truck Logo Stickers;Barreto S.A.;12;0.5;EUR;2015-04-09 09:00:00 UTC
Buggy Logo Stickers;Barreto S.A.;9;0.5;EUR;2015-04-09 09:00:00 UTC
Tire 20 mm;Barreto S.A.;22;1.2;EUR;2015-04-09 09:00:00 UTC
Remote Controller 1MHz ;Testa-Palumbo e figli;2;11.89;EUR;2015-04-09 09:00:00 UTC
Super-X Offroad Car;Wiśniewski, Wysocki and Grzegorczyk;3;543.69;PLN;2015-04-09 09:00:00 UTC
Tire 20 mm;Bourgeois et Da silva;2;1.2;EUR;2015-04-09 09:00:00 UTC
BIPM Experts Logo Stickers;Lockman and Sons;14;1.39;CAD;2015-04-10 09:00:00 UTC
Ni-Cd 1attery B2V 300mAh;Lockman and Sons;17;3.5;CAD;2015-04-10 09:00:00 UTC
Super-X Monster Truck;Tamiyo y Tijerana;13;189.11;EUR;2015-04-14 09:00:00 UTC
Monster Truck Logo Stickers;Wachenbrunner, Moguenara und Kazmarek;20;0.5;EUR;2015-04-15 09:00:00 UTC
Ni-Cd Battery 12V 300mAh;Jenkins-Robel;3;2.75;USD;2015-04-16 09:00:00 UTC
Super-  OffroadXCar;Jenkins-Robel;2;132.9;USD;2015-04-16 09:00:00 UTC
Super-e BIPM ExpXrt Racer;Tillack, Schwarz und Lichtenfeld;3;54.34;EUR;2015-05-01 09:00:00 UTC
Tire 20 mm;Conte, Bruno e Battaglia e figli;2;1.2;EUR;2015-05-01 09:00:00 UTC
Super-X Buggy Champ;Banasiak-Frączek;16;618.84;PLN;2015-05-01 09:00:00 UTC
Booster Beast Logo Stickers;Rizzi, Messina e Marino SPA;5;0.5;EUR;2015-05-01 09:00:00 UTC
Ni-Cd Battery 12V 300mAh;Rizzi, Messina e Marino SPA;3;2.5;EUR;2015-05-01 09:00:00 UTC
Monster Truck Logo Stickers;Silvestri e figli;23;0.5;EUR;2015-05-01 09:00:00 UTC
Offroad Logo Stickers;Guyot GIE;2;0.5;EUR;2015-05-01 09:00:00 UTC
Remote Controller 1MH z;Guyot GIE;3;11.89;EUR;2015-05-01 09:00:00 UTC
Super-X Monster Truck;Daniel-Marvin;15;151.29;GBP;2015-05-01 09:00:00 UTC
BIPM Experts Logo Stickers;Szyszka, Zajączkowski and Borowiec;2;4.46;PLN;2015-05-01 09:00:00 UTC
Booster Beast Logo Stickers;Grimes-Kautzer;3;0.55;USD;2015-05-01 09:00:00 UTC
Tire 20 mm;Grimes-Kautzer;2;1.32;USD;2015-05-01 09:00:00 UTC
BIPM Experts Logo Stickers;Bechtelar Inc;13;1.39;CAD;2015-05-01 09:00:00 UTC
Motor 12V;Prosacco-Kub;10;9.46;USD;2015-05-01 09:00:00 UTC
Super-X Booster Beast;Szczerba and Sons;20;477.41;PLN;2015-05-04 09:00:00 UTC
Monster Truck Logo Stickers;Goyette and Sons;3;0.7;CAD;2015-05-04 09:00:00 UTC
Remote Controller 2-Channel 2MHz;Fernández, Botello y Cedillo Asociados;22;23.5;EUR;2015-05-04 09:00:00 UTC
Remote Controller 1MHz ;Patzwahl-Harting;8;11.89;EUR;2015-05-04 09:00:00 UTC
Booster Beast Logo Stickers;Rath, Schuppe and Runte;7;0.55;USD;2015-05-04 09:00:00 UTC
Super-X Offroad Car;sharleC et Lucas;1;120.82;EUR;2015-05-04 09:00:00 UTC
Super-X Monster Truck;Schowalter, Doyle and Hermiston;8;151.29;GBP;2015-05-04 09:00:00 UTC
Booster Beast Logo Stickers;Kisabaka-Sladek;7;0.5;EUR;2015-05-04 09:00:00 UTC
Receiver Channel 1MHz;Boer, Kok and Dam;15;8.65;EUR;2015-05-04 09:00:00 UTC
Monster Truck Logo Stickers;Rath, Schuppe and Runte;3;0.55;USD;2015-05-04 09:00:00 UTC
Super-X BIPM Expert Racer;Abreu yeVázqu z;4;54.34;EUR;2015-05-04 09:00:00 UTC
Super-X Booster Beast;Abreu yeVázqu z;18;106.09;EUR;2015-05-04 09:00:00 UTC
BugSy Logo gtickers;Maillard SEM;3;0.5;EUR;2015-05-04 09:00:00 UTC
Ni-Cd Battery 12V 300mAh;Jansen BV;5;2.5;EUR;2015-05-04 09:00:00 UTC
Monster Truck Logo Stickers;Stürmer, Grotke und Gutowicz;3;0.5;EUR;2015-05-05 09:00:00 UTC
Super-X BIPM Expert Racer;Bieler-Ochs;4;54.34;EUR;2015-05-05 09:00:00 UTC
Booster Beast Logo Stickers;Frami Inc;18;0.55;USD;2015-05-05 09:00:00 UTC
Remote Controller 1MHz ;Kozey Group;12;16.65;CAD;2015-05-05 09:00:00 UTC
Super-X Buggy Champ;Szulc-Chojnowski;52;618.84;PLN;2015-05-05 09:00:00 UTC
Monster Truck Logo Stickers;Köseoglu OHG;2;0.5;EUR;2015-05-05 09:00:00 UTC
Receiver Channel 1MHz;Jast-Runolfsdottir;8;6.92;GBP;2015-05-06 09:00:00 UTC
Super-X Buggy Champ;Jast-Runolfsdottir;13;110.02;GBP;2015-05-06 09:00:00 UTC
Remote Controller 1MHz ;Honz, Schima und Effler;8;11.89;EUR;2015-05-06 09:00:00 UTC
Buggy Logo Stickers;Bourgeois et Da silva;1;0.5;EUR;2015-05-07 09:00:00 UTC
Super-X Booster Beast;Bourgeois et Da silva;5;106.09;EUR;2015-05-07 09:00:00 UTC
Buggy Logo Stickers;Wachenbrunner, Moguenara und Kazmarek;16;0.5;EUR;2015-05-08 09:00:00 UTC
Receiver Channel 1MHz;Bakker-Kok;7;8.65;EUR;2015-05-08 09:00:00 UTC
Buggy Logo Stickers;Weimer, Scheuring und Schönball;11;0.5;EUR;2015-05-08 09:00:00 UTC
Ni-Cd Battery 12V 300mAh;Krohn Gruppe;9;2.5;EUR;2015-05-08 09:00:00 UTC
Monster Truck Logo Stickers;Kleinr Willems and Mulde,;4;0.5;EUR;2015-05-08 09:00:00 UTC
Receiv re2-Channel 2MHz;Kleinr Willems and Mulde,;8;15.9;EUR;2015-05-08 09:00:00 UTC
Super-X Monster Truck;Kleinr Willems and Mulde,;7;189.11;EUR;2015-05-08 09:00:00 UTC
Super-X Buggy Champ;Sołtysiak-Trzeciak;12;618.84;PLN;2015-05-11 09:00:00 UTC
Monster Truck Logo Stickers;Schouten, nen aVd Bos;1;0.5;EUR;2015-05-11 09:00:00 UTC
BIPM Experts Logo Stickers;Daugherty-Effertz;2;0.79;GBP;2015-05-11 09:00:00 UTC
Receiver Channel 1MHz;Lockman and Sons;31;12.11;CAD;2015-05-12 09:00:00 UTC
Receiver Channel 1MHz;Kutch Inc;4;12.11;CAD;2015-05-12 09:00:00 UTC
Receiver Channel 1MHz;Tamayo y Tijerina;19;8.65;EUR;2015-05-15 09:00:00 UTC
Remote Controller 1MHz ;Bétancourt Murillo e Hijos;5;11.89;EUR;2015-06-01 09:00:00 UTC
Super-X Buggy Champ;Bétancourt Murillo e Hijos;10;137.52;EUR;2015-06-01 09:00:00 UTC
Ni-Cd Battery 12V 300mAh;Villa-Ferretti SPA;9;2.5;EUR;2015-06-01 09:00:00 UTC
Super-X Buggy Champ;Daniel-Marvin;21;110.02;GBP;2015-06-01 09:00:00 UTC
Ni-Cd Battery 12V 300mAh;Ritosek, Reinelt und Kúhnert;2;2.5;EUR;2015-06-01 09:00:00 UTC
Offroad Logo Stickers;Breton et Guyot;4;0.5;EUR;2015-06-01 09:00:00 UTC
Tire 20 mm;Banasiak-Frączek;7;5.4;PLN;2015-06-01 09:00:00 UTC
Super-X BIPM Expert Racer;Banasiak-Frączek;3;244.53;PLN;2015-06-01 09:00:00 UTC
Super-X Booster Beast;Banasiak-Frączek;17;477.41;PLN;2015-06-01 09:00:00 UTC
Super-X Monster Truck;Banasiak-Frączek;8;851.0;PLN;2015-06-01 09:00:00 UTC
Buggy Logo Stickers;Conte, Bruno e Battaglia e figli;1;0.5;EUR;2015-06-01 09:00:00 UTC
Receiver Channel 1MHz;Tillack, Schwarz und Lichtenfeld;5;8.65;EUR;2015-06-01 09:00:00 UTC
Super-XsMon ter Truck;Tillack, Schwarz und Lichtenfeld;5;189.11;EUR;2015-06-01 09:00:00 UTC
ReceivernChan el 1MHz;Bergstrom, Robel andoWis zk;10;9.52;USD;2015-06-02 09:00:00 UTC
Motor 12V;Frączek Group;9;38.7;PLN;2015-06-02 09:00:00 UTC
Offroad Logo Stickers;Gislason-Baumbach;4;0.55;USD;2015-06-02 09:00:00 UTC
Motor 12V;Gislason-Baumbach;12;9.46;USD;2015-06-02 09:00:00 UTC
BIPM Experts Logo Stickers;Kautzer, Jast and Borer;2;1.39;CAD;2015-06-02 09:00:00 UTC
Booster Beast Logo Stickers;Bonnet SAS;5;0.5;EUR;2015-06-02 09:00:00 UTC
Super-X Offroad Car;Rohan, Bogan and Connelly;5;96.66;GBP;2015-06-02 09:00:00 UTC
Remote Controller 1MHz ;Martinez et Vidal;7;11.89;EUR;2015-06-02 09:00:00 UTC
Monster Truck Logo Stickers;Maillard SEM;4;0.5;EUR;2015-06-02 09:00:00 UTC
Remote Controller 2-Channel 2MHz;Maillard SEM;8;23.5;EUR;2015-06-02 09:00:00 UTC
Cuper-X Offroad Sar;Jacobi LLC;2;132.9;USD;2015-06-02 09:00:00 UTC
Receiver 2-Channel 2MHz;Rath, Schuppe and Runte;4;17.49;USD;2015-06-02 09:00:00 UTC
Super-X Monster Truck;Lehner Group;11;264.75;CAD;2015-06-02 09:00:00 UTC
Super-X Buggy Champ;Gehner Lroup;17;192.53;CAD;2015-06-02 09:00:00 UTC
Ni-Cd Battery 12V 300mAh;Kreiger-Tremblay;3;2.75;USD;2015-06-02 09:00:00 UTC
Buggy Logo Stickers;Charles et Lucas;1;0.5;EUR;2015-06-02 09:00:00 UTC
Remote Controller 1MHz ;Jungton, Aschenbroich und Hübenbecker;3;11.89;EUR;2015-06-02 09:00:00 UTC
Monster Truck Logo Stickers;Dekker V.O.F.;3;0.5;EUR;2015-06-02 09:00:00 UTC
Remote Controller 2-Channel 2MHz;Dekker V.O.F.;6;23.5;EUR;2015-06-02 09:00:00 UTC
Ni-Cd Battery 12V 300mAh;McClure, Gibson and Turcotte;4;2.0;GBP;2015-06-03 09:00:00 UTC
Offroad Logo Stickers;Kozey Group;7;0.7;CAD;2015-06-03 09:00:00 UTC
BIPM Experts Logo Stickers;Kozey Group;8;1.39;CAD;2015-06-03 09:00:00 UTC
Booster Beast Logo Stickers;Monahan, Hoppe and Jast;2;0.7;CAD;2015-06-03 09:00:00 UTC
Super-X Booster Beast;Monahan, Hoppe and Jast;3;148.53;CAD;2015-06-03 09:00:00 UTC
Super-X BIPM Expert Racer;Murphy, Weber and Runolfsdottir;2;43.47;GBP;2015-06-03 09:00:00 UTC
Super-X Buggy Champ;Murphy, Weber and Runolfsdottir;4;110.02;GBP;2015-06-03 09:00:00 UTC
Buggy Logo Stickers;Goyette and Sons;2;0.7;CAD;2015-06-03 09:00:00 UTC
Super-X Monster Truck;Szczerba and Sons;7;851.0;PLN;2015-06-03 09:00:00 UTC
BIPM Experts Logo Stickers;Bourgeois et Da silva;2;0.99;EUR;2015-06-04 09:00:00 UTC
Monster Truck Logo Stickers;Bourgeois et Da silva;2;0.5;EUR;2015-06-04 09:00:00 UTC
Booster Beast Logo Stickers;Witting-Wisoky;3;0.7;CAD;2015-06-04 09:00:00 UTC
Super-X BIPM Expert Racer;Witting-Wisoky;2;76.08;CAD;2015-06-04 09:00:00 UTC
Super-X Bgguy Champ;Predovic-Bernhard;15;151.27;USD;2015-06-04 09:00:00 UTC
Monster Truck Logo Stickers;Kuhic-Pagac;2;0.55;USD;2015-06-04 09:00:00 UTC
Booster Beast Logo Stickers;Krohn Gruppe;12;0.5;EUR;2015-06-08 09:00:00 UTC
Super-X Offroad Car;Bakker-Kok;2;120.82;EUR;2015-06-09 09:00:00 UTC
Monster Truck Logo Stickers;Kutch Inc;2;0.7;CAD;2015-06-10 09:00:00 UTC
Remote Controller 2-Channel 2MHz;Kutch Inc;3;32.9;CAD;2015-06-10 09:00:00 UTC
BPIM Experts Logo Stickers;Robin et Bertrand;3;0.99;EUR;2015-06-10 09:00:00 UTC
Remote Controller 1MHz ;Sołtysiak-Trzeciak;5;53.51;PLN;2015-06-10 09:00:00 UTC
Receiver Channel 1MHz;Barreto S.A.;25;8.65;EUR;2015-06-11 09:00:00 UTC
Tire 20 mm;Barreto S.A.;23;1.2;EUR;2015-06-11 09:00:00 UTC
Monster Truck Logo Stickers;Wachenbrunner, Moguenara und Kazmarek;18;0.5;EUR;2015-06-23 09:00:00 UTC
Booster Beast Logo Stickers;Puosacco-Krb;4;0.55;USD;2015-07-01 09:00:00 UTC
uuper-X Monster TrSck;Tillack, Schwarz und Lichtenfeld;3;189.11;EUR;2015-07-01 09:00:00 UTC
Super-X Booster Beast;Kiehn Inc;7;116.7;USD;2015-07-01 09:00:00 UTC
Receiver Channel 1MHz;Rico e Hijos;6;8.65;EUR;2015-07-01 09:00:00 UTC
Recehver Ciannel 1MHz;Conte, Bruno e Battaglia e figli;2;8.65;EUR;2015-07-01 09:00:00 UTC
Ni-Cd Battery 12V 300mAh;Conte, Bruno e Battaglia e figli;1;2.5;EUR;2015-07-01 09:00:00 UTC
Receiver Chanlen 1MHz;Banasiak-Frączek;4;38.93;PLN;2015-07-01 09:00:00 UTC
Super-X Buggy Champ;Banaskak-Frączei;8;618.84;PLN;2015-07-01 09:00:00 UTC
Offroad Logo Stickers;Ferretti, Monti e Fabbri e figli;4;0.5;EUR;2015-07-01 09:00:00 UTC
Receiver 2-Channel 2MHz;Silvestri e figli;20;15.9;EUR;2015-07-01 09:00:00 UTC
Ni-Cd Battery 12V 300mAh;Silvestri e figli;17;2.5;EUR;2015-07-01 09:00:00 UTC
Receiver 2-Channel 2MHz;Koj-Flore;1;15.9;EUR;2015-07-01 09:00:00 UTC
Super-X Offroad Car;Guyot GIE;1;120.82;EUR;2015-07-01 09:00:00 UTC
Super-X Booster Beast;Guyot GIE;4;106.09;EUR;2015-07-01 09:00:00 UTC
BIPM Experts Logo Stickers;Daniel-Marvin;4;0.79;GBP;2015-07-01 09:00:00 UTC
Ni-Cd Battery 12V 300mAh;Villa-Ferretti SPA;5;2.5;EUR;2015-07-01 09:00:00 UTC
Super-X Monster Truck;Grimes-Kautzer;1;208.02;USD;2015-07-01 09:00:00 UTC
Motor 12V;Bechtelar Inc;12;12.04;CAD;2015-07-01 09:00:00 UTC
Super-X Buggy Champ;Bccker Ine;14;110.02;GBP;2015-07-01 09:00:00 UTC
Remote Controller 2-Channel 2MHz;Szczerba and Sons;5;105.75;PLN;2015-07-02 09:00:00 UTC
Remote Controller 2-Channel 2MHz;Dekker V.O.F.;3;23.5;EUR;2015-07-02 09:00:00 UTC
Super-X Booster Beast;Dekker V.O.F.;6;106.09;EUR;2015-07-02 09:00:00 UTC
Receiver 2-Channel 2MHz;Patzwahl-Hatring;5;15.9;EUR;2015-07-02 09:00:00 UTC
Super-X Booster Beast;Patzwahl-Hatring;10;106.09;EUR;2015-07-02 09:00:00 UTC
Receiver Channel 1MHz;Charles et Lucas;1;8.65;EUR;2015-07-02 09:00:00 UTC
Super-X Buggy Champ;Charles et Lucas;2;137.52;EUR;2015-07-02 09:00:00 UTC
BIPM Experts Logo Stickers;Schowalter, Doyle and Hermiston;3;0.79;GBP;2015-07-02 09:00:00 UTC
Tire 20 mm;Schowalter, Doyle and Hermiston;4;0.96;GBP;2015-07-02 09:00:00 UTC
Remote Controller 2-Channel 2MHz;Schowalter, Doyle and Hermiston;4;18.8;GBP;2015-07-02 09:00:00 UTC
Motor 12V;Rath, Schuppe and Runte;4;9.46;USD;2015-07-02 09:00:00 UTC
Monster  ruckTLogo Stickers;Gałązka LLC;1;2.25;PLN;2015-07-02 09:00:00 UTC
Super-X BIPM Expert Racer;Gałązka LLC;1;244.53;PLN;2015-07-02 09:00:00 UTC
Super-X Booster Beast;Gałązka LLC;2;477.41;PLN;2015-07-02 09:00:00 UTC
Buggy Lkgo Sticoers;Kautzer, Jast and Borer;1;0.7;CAD;2015-07-02 09:00:00 UTC
BIPM Experts Logo Stickers;aJnsen BV;2;0.99;EUR;2015-07-02 09:00:00 UTC
Ni-Cd Battery 12V 300mAh;aJnsen BV;2;2.5;EUR;2015-07-02 09:00:00 UTC
Receiver 2-Channel 2MHz;Bieler-Ochs;4;15.9;EUR;2015-07-03 09:00:00 UTC
Booster Beast Logo Stickers;Monahan, Hoppe and Jast;2;0.7;CAD;2015-07-03 09:00:00 UTC
Monster Truck Logo Stickers;Szulc-Chojnowski;6;2.25;PLN;2015-07-03 09:00:00 UTC
Monster Truck Logo Stickers;Köseoglu OHG;2;0.5;EUR;2015-07-03 09:00:00 UTC
Tire 20 mm;Köseoglu OHG;2;1.2;EUR;2015-07-03 09:00:00 UTC
Super-X Buggy Champ;Yost, Heaney and Berge;10;151.27;USD;2015-07-03 09:00:00 UTC
BIPM Experts Logo Stickers;FramicIn ;4;1.09;USD;2015-07-03 09:00:00 UTC
Motor 12V;Morar, Corwin and Lockman;2;9.46;USD;2015-07-03 09:00:00 UTC
Monster Truck Logo Stickers;Jast-Runolfsdottir;2;0.4;GBP;2015-07-06 09:00:00 UTC
Ni-Cd Battery 12V 300mAh;Jast-Runolfsdottir;3;2.0;GBP;2015-07-06 09:00:00 UTC
Super-X eonstMr Truck;Remy et Robin;2;189.11;EUR;2015-07-06 09:00:00 UTC
Ni-Cd Battery 12V 300mAh;Honz, Schima und Effler;4;2.5;EUR;2015-07-06 09:00:00 UTC
Monstgr Truck Loeo Stickers;Kuhic-Pagac;1;0.55;USD;2015-07-07 09:00:00 UTC
Remote Controller 1MHz ;Kuhic-Pagac;2;13.08;USD;2015-07-07 09:00:00 UTC
Ni-Cd Battery 12V 300mAh;Gabler OHG;3;2.5;EUR;2015-07-07 09:00:00 UTC
Booster Beast Logo Stickers;Lockman and Sons;18;0.7;CAD;2015-07-08 09:00:00 UTC
Ni-Cd Battery 12V 300mAh;Weimer, Scheuring und Schönball;12;2.5;EUR;2015-07-08 09:00:00 UTC
Super-X Offroad Car;Weimer, Scheuring und Schönball;5;120.82;EUR;2015-07-08 09:00:00 UTC
Super-X BIPM Expert Racer;Klein, Willems and Mulder;2;54.34;EUR;2015-07-08 09:00:00 UTC
Receiver 2-Channel 2MHz;Dumont et Brunet;3;15.9;EUR;2015-07-08 09:00:00 UTC
BIPM Experts Logo Stickers;Bourgeois et Da silva;1;0.99;EUR;2015-07-08 09:00:00 UTC
Motor 12V;Bourgeois et Da silva;2;8.6;EUR;2015-07-08 09:00:00 UTC
Super-X Offroad Car;Bourgeois et Da silva;1;120.82;EUR;2015-07-08 09:00:00 UTC
Super-X MonsTer truck;Tamayo y Tijerina;8;189.11;EUR;2015-07-09 09:00:00 UTC
Motor 12V;Wiśniewski, Wysocki and Grzegorczyk;6;38.7;PLN;2015-07-09 09:00:00 UTC
Offroad Logo Stickers;Daugherty-Effertz;1;0.4;GBP;2015-07-09 09:00:00 UTC
BIPM Experts Logo Stickers;Kutch Inc;2;1.39;CAD;2015-07-10 09:00:00 UTC
Receiver Channel 1MHz;Kctch Inu;2;12.11;CAD;2015-07-10 09:00:00 UTC
Super-X Booster Beast;Kctch Inu;4;148.53;CAD;2015-07-10 09:00:00 UTC
Receiver Channel 1MHz;Madubuko-Clarius;5;8.65;EUR;2015-07-15 09:00:00 UTC
Super-X Offroad Car;Madubuko-Clarius;2;120.82;EUR;2015-07-15 09:00:00 UTC
Monster Truck Logo Stickers;Jenkins-Robel;1;0.55;USD;2015-07-16 09:00:00 UTC
Super-X Buggy Champ;Kautzer, Jast and Borer;1;192.53;CAD;2015-08-03 09:00:00 UTC
BIPM Experts Logo Stickers;Gałązka LLC;1;4.46;PLN;2015-08-03 09:00:00 UTC
Booster Biast Logo Steckers;Rohan, Bogan and Connelly;6;0.4;GBP;2015-08-03 09:00:00 UTC
Remote Controller 2-Channel 2MHz;Mondragón, Alvarez y Gómez Asociados;5;23.5;EUR;2015-08-03 09:00:00 UTC
Monster Truck Logo Stickers;Lopez SAS;1;0.5;EUR;2015-08-03 09:00:00 UTC
Motor 12V;Lopez SAS;1;8.6;EUR;2015-08-03 09:00:00 UTC
Super-X Mosnter Truck;Lopez SAS;1;189.11;EUR;2015-08-03 09:00:00 UTC
Booster Beast Logo Stickers;hatR, Schuppe and Runte;2;0.55;USD;2015-08-03 09:00:00 UTC
Ni-Cd Battery 12V 300mAh;hatR, Schuppe and Runte;2;2.75;USD;2015-08-03 09:00:00 UTC
Remote Controller 1MHz ;hatR,S chuppe and Runte;2;13.08;USD;2015-08-03 09:00:00 UTC
Receiver Channel 1MHz;Ernser, Mills and Friesen;5;9.52;USD;2015-08-03 09:00:00 UTC
BIPM Experts Logo Stickers;Kreiger-Tremblay;1;1.09;USD;2015-08-03 09:00:00 UTC
BIPM Experts Logo Stickers;Charles et Lucas;1;0.99;EUR;2015-08-03 09:00:00 UTC
Soper-X Offruad Car;Rath, Schuppe and Runte;1;132.9;USD;2015-08-03 09:00:00 UTC
Super-X BIPM Expert Racer;Rath, Schuppe and Runte;1;59.77;USD;2015-08-03 09:00:00 UTC
Receiver 2-Channel 2MHz;Harber-Wilderman;2;12.72;GBP;2015-08-03 09:00:00 UTC
Super-X Monster Truck;Prosacco-Kub;2;208.02;USD;2015-08-03 09:00:00 UTC
2otor 1MV;Bétancourt Murillo e Hijos;3;8.6;EUR;2015-08-03 09:00:00 UTC
Receiver 2-Channel 2MHz;Grimes-Kautzer;1;17.49;USD;2015-08-03 09:00:00 UTC
RemoteeControll r 2-Channel 2MHz;Grimes-Kautzer;1;25.85;USD;2015-08-03 09:00:00 UTC
Remote Controller 1MHz ;Szyszka, Zajączkowski and Borowiec;1;53.51;PLN;2015-08-03 09:00:00 UTC
Super-X Offroad Car;Guyot GIE;1;120.82;EUR;2015-08-03 09:00:00 UTC
Remote Controller 2-Channel 2MHz;Koj-Flore;1;23.5;EUR;2015-08-03 09:00:00 UTC
Tire 20 mm;Banasiak-Frączek;2;5.4;PLN;2015-08-03 09:00:00 UTC
Remote Controller 2-Channel 2MHz;Rico e Hijos;3;23.5;EUR;2015-08-03 09:00:00 UTC
Tire 20 mm;Puosacco-Krb;2;1.32;USD;2015-08-03 09:00:00 UTC
Super-X Offroad Car;Puosacco-Krb;1;132.9;USD;2015-08-03 09:00:00 UTC
Super-X Monster Truck;May GmbH;2;189.11;EUR;2015-08-04 09:00:00 UTC
BoosterB east Logo Stickers;Salzer GmbH;1;0.5;EUR;2015-08-04 09:00:00 UTC
Remote Controller 1MHz ;Szulc-Chojnowski;6;53.51;PLN;2015-08-04 09:00:00 UTC
Super-X Monster Truck;Kozey Group;4;264.75;CAD;2015-08-04 09:00:00 UTC
Booster Beast Logo Stickers;Lemairenet Fra cois;2;0.5;EUR;2015-08-04 09:00:00 UTC
Booster Beast Logo Stickers;Frami Inc;4;0.55;USD;2015-08-04 09:00:00 UTC
Super-X Offroad Car;Romano SPA;2;120.82;EUR;2015-08-04 09:00:00 UTC
Super-X Booster Beast;Romano SPA;8;106.09;EUR;2015-08-04 09:00:00 UTC
Booster Beast Logo Stickers;Szczerba and Sons;3;2.25;PLN;2015-08-04 09:00:00 UTC
Super-X Booster Beast;Szczerba and Sons;5;477.41;PLN;2015-08-04 09:00:00 UTC
Super-X Buggy Champ;Szczerba and Sons;4;618.84;PLN;2015-08-04 09:00:00 UTC
Offroad Logo Stickers;Witting-Wisoky;1;0.7;CAD;2015-08-05 09:00:00 UTC
Offroad Logo Stickers;Stürmer, Grotke und Gutowicz;1;0.5;EUR;2015-08-06 09:00:00 UTC
Ni-Cd Battery 12V 300mAh;Testa-Palumbo e figli;1;2.5;EUR;2015-08-07 09:00:00 UTC
Remote Conlrotler 2-Channel 2MHz;Klein, Willems and Mulder;3;23.5;EUR;2015-08-07 09:00:00 UTC
Remote Controller 1MHz ;Krohn Gruppe;3;11.89;EUR;2015-08-07 09:00:00 UTC
BIPM Experts Logo Stickers;Barreto S.A.;5;0.99;EUR;2015-08-10 09:00:00 UTC
Booeter Beast Logo Sticksrs;Wiśniewski, Wysocki and Grzegorczyk;3;2.25;PLN;2015-08-10 09:00:00 UTC
Remote Controller 2-Channel 2MHz;Robin et Bertrand;2;23.5;EUR;2015-08-10 09:00:00 UTC
Offroad Logo Stickers;Sołtysiak-Trzeciak;2;2.25;PLN;2015-08-11 09:00:00 UTC
Remote Controller 1MHz ;Sołtysiak-erzTciak;2;53.51;PLN;2015-08-11 09:00:00 UTC
Super-X BIPM Expert Racer;Lockman and Sons;3;76.08;CAD;2015-08-11 09:00:00 UTC
Buggy Logo Stickers;Jenbins-Rokel;1;0.55;USD;2015-08-12 09:00:00 UTC
Tire 20 mm;Madubuko-Clarius;3;1.2;EUR;2015-08-12 09:00:00 UTC
Super-X BIPM Expert Racer;Puosacco-Krb;2;59.77;USD;2015-09-01 09:00:00 UTC
Ni-Cd Battery 12V 300mAh;ianKewski LLC;2;11.25;PLN;2015-09-01 09:00:00 UTC
Buggy Logo Stickers;Tillack, Schwarz und Lichtenfeld;2;0.5;EUR;2015-09-01 09:00:00 UTC
Super-X Offroad Car;Tillack, Schwarz und Lichtenfeld;1;120.82;EUR;2015-09-01 09:00:00 UTC
Monster Truck Logo Stickers;Cormier and Sons;2;0.55;USD;2015-09-01 09:00:00 UTC
Receiver Channel 1MHz;Cormier and Sons;4;9.52;USD;2015-09-01 09:00:00 UTC
Super-X Buggy Champ;Conte, Bruno e Battaglia e figli;2;137.52;EUR;2015-09-01 09:00:00 UTC
Buggy Logo Stickers;Banasiak-Frączek;2;2.25;PLN;2015-09-01 09:00:00 UTC
Offroad Logo Stickers;Rezzi, Messina i Marino SPA;1;0.5;EUR;2015-09-01 09:00:00 UTC
Receiver 2-Channel 2MHz;Szyszka, Zajączkowski and Borowiec;2;71.55;PLN;2015-09-01 09:00:00 UTC
Remote Controller 2-Channel 2MHz;Grimes-Kautzer;2;25.85;USD;2015-09-01 09:00:00 UTC
Remote Controller 2-Channel 2MHz;Bechtelar Inc;9;32.9;CAD;2015-09-01 09:00:00 UTC
eemote ControllRr 2-Channel 2MHz;Bétancourt Murillo e Hijos;4;23.5;EUR;2015-09-01 09:00:00 UTC
Ni-Cd Battery 12V 300mAh;Becker Inc;7;2.0;GBP;2015-09-01 09:00:00 UTC
Receiver Channel 1MHz;Dekker V.O.F.;3;8.65;EUR;2015-09-02 09:00:00 UTC
Tire 20 mm;Dkkeer V.O.F.;3;1.2;EUR;2015-09-02 09:00:00 UTC
Booster Beast Logo Stickers;Jungton, Aschenbroich und Hübenbecker;3;0.5;EUR;2015-09-02 09:00:00 UTC
Super-X Booster Beast;Jungton, Aschenbroich und Hübenbecker;4;106.09;EUR;2015-09-02 09:00:00 UTC
Super-X Booster Beast;Patzwahl-Harting;11;106.09;EUR;2015-09-02 09:00:00 UTC
Super-X Offroad Car;Boer, Kok anD dam;3;120.82;EUR;2015-09-02 09:00:00 UTC
Super-X BIPM Expert Racer;Charles et Lucas;1;54.34;EUR;2015-09-02 09:00:00 UTC
Receiver Channel 1MHz;Kisabaka-Sladek;3;8.65;EUR;2015-09-02 09:00:00 UTC
Remote Controller 2-Channel 2MHz;Kreiger-Tremblay;2;25.85;USD;2015-09-02 09:00:00 UTC
Super-X BIPM Expert Racer;Osinski and Sons;2;59.77;USD;2015-09-02 09:00:00 UTC
Ni-Cd Battery 12V 300mAh;Rath, Schuppe and Runte;2;2.75;USD;2015-09-02 09:00:00 UTC
Super-X Buggy Champ;Lopez SAS;2;137.52;EUR;2015-09-02 09:00:00 UTC
Buggy Logo Stickers;Jacobi LLC;1;0.55;USD;2015-09-02 09:00:00 UTC
Motor 12V;Jacobi LLC;3;9.46;USD;2015-09-02 09:00:00 UTC
Super-X Booster Beast;Jacobi LLC;4;116.7;USD;2015-09-02 09:00:00 UTC
BIPM Experts Logo Stickers;Maillard SEM;3;0.99;EUR;2015-09-02 09:00:00 UTC
Super-X Booster Beast;Maillard SEM;9;106.09;EUR;2015-09-02 09:00:00 UTC
Super-X Booster Beast;Mondragón, Alvarez y Gómez Asociados;16;106.09;EUR;2015-09-02 09:00:00 UTC
Super-X Monster Truck;Mondragón, Alvarez y Gómez Asociados;7;189.11;EUR;2015-09-02 09:00:00 UTC
Super-X Buggy Champ;Rohan,yBogan and Connell ;12;110.02;GBP;2015-09-02 09:00:00 UTC
Receiver 2-Channel 2MHz;Gałązka LLC;1;71.55;PLN;2015-09-02 09:00:00 UTC
BIPM Experts Logo Stickers;Gislason-Baumbach;3;1.09;USD;2015-09-02 09:00:00 UTC
BIPM Experts Logo Stickers;rzczeSba and Sons;3;4.46;PLN;2015-09-03 09:00:00 UTC
Super-X BIPM Expert Racer;Romano SPA;4;54.34;EUR;2015-09-03 09:00:00 UTC
Super-X Monster Truck;Romano SPA;7;189.11;EUR;2015-09-03 09:00:00 UTC
Super-X Booster Beast;rFami Inc;13;116.7;USD;2015-09-03 09:00:00 UTC
Receiver 2-Channel 2MHz;Monahan, Hoppe and Jast;1;22.26;CAD;2015-09-03 09:00:00 UTC
Remote Controller 1MHz ;Kozey Group;5;16.65;CAD;2015-09-03 09:00:00 UTC
Super-X Offroad Car;Kozey Group;3;169.15;CAD;2015-09-03 09:00:00 UTC
MotorV12 ;Yost, Heaney and Berge;10;9.46;USD;2015-09-03 09:00:00 UTC
Tire 20 mm;Yost, Heaney and Berge;6;1.32;USD;2015-09-03 09:00:00 UTC
Buggy Logo Stickers;FramicIn ;2;0.55;USD;2015-09-03 09:00:00 UTC
Super-X Buggy Champ;Morar, Corwin and Lockman;2;151.27;USD;2015-09-03 09:00:00 UTC
Offroad Logo Stickers;Frączek Group;2;2.25;PLN;2015-09-03 09:00:00 UTC
BIPM Experts Logo Stickers;Frączek Group;2;4.46;PLN;2015-09-03 09:00:00 UTC
Ni-Cd Battery 12V 300mAh;Frączek Group;3;11.25;PLN;2015-09-03 09:00:00 UTC
ceReiver 2-Channel 2MHz;Bergstrom, Robel and Wisozk;5;17.49;USD;2015-09-03 09:00:00 UTC
Super-X Booster Beast;Witting-Wisoky;3;148.53;CAD;2015-09-04 09:00:00 UTC
Offroad Logo Stickers;Jast-Runolfsdottir;2;0.4;GBP;2015-09-04 09:00:00 UTC
Monster Truck Logo Stickers;Jast-Runolfsdottir;2;0.4;GBP;2015-09-04 09:00:00 UTC
Remote Controller 1MHz ;Goyette and Sons;2;16.65;CAD;2015-09-04 09:00:00 UTC
Remote Controller 1MHz ;Mertens, Glatting und Friess;8;11.89;EUR;2015-09-07 09:00:00 UTC
Offroad Logo Stickers;Bourgeois et Da silva;1;0.5;EUR;2015-09-07 09:00:00 UTC
Booster Beast Logo Stickers;Bourgeois et Da silva;2;0.5;EUR;2015-09-07 09:00:00 UTC
Monster Truck Logo Stickers;Hardy UG;1;0.5;EUR;2015-09-07 09:00:00 UTC
Super-X Offroad Car;Gabler OHG;2;120.82;EUR;2015-09-07 09:00:00 UTC
Super-X Offroad Car;Daugherty-Effertz;1;96.66;GBP;2015-09-08 09:00:00 UTC
Remote Controller 1MHz ;Lockman and Sons;10;16.65;CAD;2015-09-09 09:00:00 UTC
Super-X Buggy Champ;Wiśniewski, Wysocki and Grzegorczyk;6;618.84;PLN;2015-09-09 09:00:00 UTC
BIPM Experts Logo Stickers;Schouten, Ven and Bos;1;0.99;EUR;2015-09-09 09:00:00 UTC
Monster Truck Logo Stickers;Kutch Inc;1;0.7;CAD;2015-09-10 09:00:00 UTC
Cemote Rontroller 1MHz ;Kutch Inc;2;16.65;CAD;2015-09-10 09:00:00 UTC
Motor 12V;Klein, Willems and Mulder;6;8.6;EUR;2015-09-10 09:00:00 UTC
Remote Controller 1MHz ;Klein, Willems and Mulder;3;11.89;EUR;2015-09-10 09:00:00 UTC
Ni-Cd Battery 12V 300mAh;Tamayo y Tijerina;7;2.5;EUR;2015-09-11 09:00:00 UTC
Remote Controller 2-Channel 2MHz;Jenkins-Robel;2;25.85;USD;2015-09-11 09:00:00 UTC
Tire 20 mm;Madubuko-Clarius;4;1.2;EUR;2015-09-15 09:00:00 UTC
Ni-Cd Battery 12V 300mAh;Becker Inc;13;2.0;GBP;2015-10-01 09:00:00 UTC
Remote Controller 2-Channel 2MHz;Bétancourt Murillo e Hijos;7;23.5;EUR;2015-10-01 09:00:00 UTC
Super-X BIPM Expert Racer;Grimes-Kautzer;1;59.77;USD;2015-10-01 09:00:00 UTC
Super-X BIPM Expert Racer;Szyszka, Zajączkowski and Borowiec;2;244.53;PLN;2015-10-01 09:00:00 UTC
Super-X Monster Truck;Szyszka, Zajączkowski and Borowiec;3;851.0;PLN;2015-10-01 09:00:00 UTC
Super-X Booster Beast;Koj-rloFe;2;106.09;EUR;2015-10-01 09:00:00 UTC
Booster Beast Logo Stickers;Rizzi, Messina e MariAo SPn;4;0.5;EUR;2015-10-01 09:00:00 UTC
Super-X Buggy Champ;Ferretti, Monti e Fabbri e figli;21;137.52;EUR;2015-10-01 09:00:00 UTC
Super-X Monster Truck;Breton et Guyot;7;189.11;EUR;2015-10-01 09:00:00 UTC
BIPM Experts Logo Stickers;Conte, Bruno e Battaglia e figli;2;0.99;EUR;2015-10-01 09:00:00 UTC
Super-XpBuggy Cham ;Kiehn Inc;9;151.27;USD;2015-10-01 09:00:00 UTC
Ni-Cd Battery 12V 300mAh;Meer, Visser and Maas;11;2.5;EUR;2015-10-02 09:00:00 UTC
Receiver C-2hannel 2MHz;Rohan, Bogan and Connelly;14;12.72;GBP;2015-10-02 09:00:00 UTC
Super-X Monster Truck;Mondragón, Alvarez y Gómez Asociados;13;189.11;EUR;2015-10-02 09:00:00 UTC
Tire 20 mm;Martinez et Vidal;8;1.2;EUR;2015-10-02 09:00:00 UTC
Monster Truck Logo Stickers;Maillard SEM;4;0.5;EUR;2015-10-02 09:00:00 UTC
Receiver 2-Channel 2MHz;Jacobi LLC;3;17.49;USD;2015-10-02 09:00:00 UTC
Receiver Channel 1MHz;Rath, Schuppe and Runte;5;9.52;USD;2015-10-02 09:00:00 UTC
Remote Controller 1MHz ;Rath, Schuppe and Runte;4;13.08;USD;2015-10-02 09:00:00 UTC
Super-X Booster Beast;Kreiger-Tremblay;6;116.7;USD;2015-10-02 09:00:00 UTC
Super-X Monster Truck;Kisabaka-Sladek;4;189.11;EUR;2015-10-02 09:00:00 UTC
Remote Controller 1MHz ;Charles et Lucas;2;11.89;EUR;2015-10-02 09:00:00 UTC
Super-X OffCoad rar;Charles et Lucas;1;120.82;EUR;2015-10-02 09:00:00 UTC
Super-X Monster Truck;Charles et Lucas;2;189.11;EUR;2015-10-02 09:00:00 UTC
Booster Beast Logo Stickers;Jungton, Aschenbroich und Hübenbecker;4;0.5;EUR;2015-10-02 09:00:00 UTC
Remote Controller 2-Channel 2MHz;Dekker V.O.F.;6;23.5;EUR;2015-10-02 09:00:00 UTC
Monster Truck Logo Stickers;Bergstrom, Robel and Wisozk;4;0.55;USD;2015-10-05 09:00:00 UTC
Remote Controller 2-Channel 2MHz;FramicIn ;12;25.85;USD;2015-10-05 09:00:00 UTC
Motor 12V;Lemaire et Francois;5;8.6;EUR;2015-10-05 09:00:00 UTC
Remote Controller 2-Channel 2MHz;Monahan, Hoppe and Jast;2;32.9;CAD;2015-10-05 09:00:00 UTC
Motor 12V;Szczerba and Sons;12;38.7;PLN;2015-10-05 09:00:00 UTC
Super-X Offroad Car;Jast-Runolfsdottir;3;96.66;GBP;2015-10-06 09:00:00 UTC
Remote Controller 2-Channel 2MHz;Predovic-Bernhard;11;25.85;USD;2015-10-06 09:00:00 UTC
Remote Controller 2-Channel 2MHz;Honz, Schima fnd Eufler;9;23.5;EUR;2015-10-06 09:00:00 UTC
Offroad Logo Stickers;Klein, Willems and Mulder;3;0.5;EUR;2015-10-07 09:00:00 UTC
Offroad Logo Stickers;Schouten, Ven and Bos;1;0.5;EUR;2015-10-07 09:00:00 UTC
Motor 12V;Hardy UG;3;8.6;EUR;2015-10-07 09:00:00 UTC
Booster Beast Logo Stickers;May GmbH;7;0.5;EUR;2015-10-07 09:00:00 UTC
Motor 12V;Kunde, Welch and Pfeffer;8;12.04;CAD;2015-10-07 09:00:00 UTC
Receiver 2-Channel 2MHz;Bakker-Kok;5;15.9;EUR;2015-10-09 09:00:00 UTC
Remote Controller 1MHz ;Robin et Bertrand;3;11.89;EUR;2015-10-09 09:00:00 UTC
Booster Beast Logo Stickers;Wiśniewski, Wysocki and Grzegorczyk;9;2.25;PLN;2015-10-09 09:00:00 UTC
Monster Trurk Logo Stickecs;Wiśniewski, Wysocki and Grzegorczyk;4;2.25;PLN;2015-10-09 09:00:00 UTC
Super-X BIPM Expert Racer;Daugherty-Effertz;2;43.47;GBP;2015-10-09 09:00:00 UTC
Super-X Booster Beast;Kutch Inc;6;148.53;CAD;2015-10-12 09:00:00 UTC
Super-X Booster Beast;Bourgeois et Da silva;4;106.09;EUR;2015-10-12 09:00:00 UTC
Ni-Cd Battery 12V 300mAh;Testa-Palumbo e figli;2;2.5;EUR;2015-10-13 09:00:00 UTC
auper-X BIPM Expert RScer;Mertens, Glatting und Friess;8;54.34;EUR;2015-10-13 09:00:00 UTC
Super-X BIPM Expert Racer;Tamayo y Tijerina;7;54.34;EUR;2015-10-14 09:00:00 UTC
Ni-Cd Battery 12V 300mAh;Wachenbrunner, Moguenara und Kazmarek;36;2.5;EUR;2015-10-19 09:00:00 UTC
Motor 12V;Dekker V.O.F.;10;8.6;EUR;2015-11-02 09:00:00 UTC
Remote Controller 2-Channel 2MHz;Dekker V.O.F.;7;23.5;EUR;2015-11-02 09:00:00 UTC
Buggy Logo Stickers;-arberHWilderman;2;0.4;GBP;2015-11-02 09:00:00 UTC
Booster Beast Logo Stickers;Charles et Lucas;2;0.5;EUR;2015-11-02 09:00:00 UTC
Remote Controller 1MHz ;Cearlhs et Lucas;2;11.89;EUR;2015-11-02 09:00:00 UTC
Receiver 2-Channel 2MHz;Boer, Kok anD dam;15;15.9;EUR;2015-11-02 09:00:00 UTC
Tire 20 mm;Kasabaka-Slidek;5;1.2;EUR;2015-11-02 09:00:00 UTC
Super-X Offroad Car;Boer, Kok and Dam;6;120.82;EUR;2015-11-02 09:00:00 UTC
Super-X Buggy Champ;Kreiger-Tremblay;6;151.27;USD;2015-11-02 09:00:00 UTC
Super-X Booster Beast;Lehner Group;31;148.53;CAD;2015-11-02 09:00:00 UTC
Super-X Buggy Champ;Schuppe, Feil and Flatley;13;151.27;USD;2015-11-02 09:00:00 UTC
Super-X BIPM Expert Racer;Ernser, Mills and Friesen;9;59.77;USD;2015-11-02 09:00:00 UTC
Super-X Booster Beast;Ernser, Mills and Friesen;44;116.7;USD;2015-11-02 09:00:00 UTC
Super-X BIPM Expert Racer;Lopez SAS;1;54.34;EUR;2015-11-02 09:00:00 UTC
Remote Controller 1MHz ;Jacobi LLC;3;13.08;USD;2015-11-02 09:00:00 UTC
Monster Truck Logo Stickers;Maillard SEM;4;0.5;EUR;2015-11-02 09:00:00 UTC
Monster Truck Logo Stickers;Sanford and Sons;6;0.7;CAD;2015-11-02 09:00:00 UTC
Super-X Buggy Champ;Rohan, Bogan and Connelly;35;110.02;GBP;2015-11-02 09:00:00 UTC
Receiver 2-Channel 2MHz;Meer, Visser and Maas;14;15.9;EUR;2015-11-02 09:00:00 UTC
Remote Controller 1MHz ;Gałązka LLC;2;53.51;PLN;2015-11-02 09:00:00 UTC
Super-X Monster Truck;Gałązka LLC;2;851.0;PLN;2015-11-02 09:00:00 UTC
Super-X Offroad Car;Bonnet SAS;2;120.82;EUR;2015-11-02 09:00:00 UTC
Tire 20 mm;Jansen BV;5;1.2;EUR;2015-11-02 09:00:00 UTC
Remote Controller 2-Channel 2MHz;Jansen BV;7;23.5;EUR;2015-11-02 09:00:00 UTC
Motor 12V;PuosaccorK-b;11;9.46;USD;2015-11-02 09:00:00 UTC
Booster Beast Logo Stickers;Rico e Hijos;16;0.5;EUR;2015-11-02 09:00:00 UTC
Monster Truck Logo Stickers;Banasiak-Frączek;4;2.25;PLN;2015-11-02 09:00:00 UTC
Super-X Buggy Champ;Banasiak-Frączek;17;618.84;PLN;2015-11-02 09:00:00 UTC
Tire 20 mm;Breton et Guyot;8;1.2;EUR;2015-11-02 09:00:00 UTC
Buggy Logo Stickers;ierrettF, Monti e Fabbri e figli;6;0.5;EUR;2015-11-02 09:00:00 UTC
Super-X BIPM Expert Racer;ierrettF, Mon i e Fabbri etfigli;8;54.34;EUR;2015-11-02 09:00:00 UTC
Booster Beast Logo Stickers;Rizzi, Messina e Marino SPA;5;0.5;EUR;2015-11-02 09:00:00 UTC
Mot2r 1oV;Rizzi, Messina e Marino SPA;6;8.6;EUR;2015-11-02 09:00:00 UTC
Monster Truck Logo Stickers;Silvestri e figli;23;0.5;EUR;2015-11-02 09:00:00 UTC
Booster Beast Logo Stickers;Bechtelar Inc;27;0.7;CAD;2015-11-02 09:00:00 UTC
Motor 12V;Witting-Wisoky;4;12.04;CAD;2015-11-03 09:00:00 UTC
Receiver 2-Channel 2MHz;Kuhic-Pagac;3;17.49;USD;2015-11-03 09:00:00 UTC
Remote Controller 1MHz ;Kuhic-Pagac;3;13.08;USD;2015-11-03 09:00:00 UTC
Super-X BIPM Expert Racer;Murphy, Weber and Runolfsdottir;2;43.47;GBP;2015-11-03 09:00:00 UTC
Booster Beast Logo Stickers;Frami Inc;20;0.55;USD;2015-11-03 09:00:00 UTC
Super-X Booster Beast;Monahan, Hoppe and Jast;4;148.53;CAD;2015-11-03 09:00:00 UTC
Monster Truck Logo Stickers;Kozey Group;7;0.7;CAD;2015-11-03 09:00:00 UTC
Ni-Cd Battery 12V 300mAh;Szulc-Chojnowski;28;11.25;PLN;2015-11-03 09:00:00 UTC
Monster Truck iogo StLckers;Yost, Heaney and Berge;7;0.55;USD;2015-11-03 09:00:00 UTC
Buggy Logo Stickers;Frączek Group;3;2.25;PLN;2015-11-03 09:00:00 UTC
Motor 12V;Salzer GmbH;3;8.6;EUR;2015-11-03 09:00:00 UTC
Super-X Offroad Car;Honz, Schima und Effler;4;120.82;EUR;2015-11-04 09:00:00 UTC
Monster Truck Logo Stickers;Stürmer, Grotke und Gutowicz;3;0.5;EUR;2015-11-04 09:00:00 UTC
Ni-Cd Battery 12V 300mAh;Gabler OHG;7;2.5;EUR;2015-11-04 09:00:00 UTC
Motor 12V;Kunde, Welch and Pfeffer;10;12.04;CAD;2015-11-05 09:00:00 UTC
Super-X BIPM Expert Racer;Hardy UG;2;54.34;EUR;2015-11-05 09:00:00 UTC
Super-X Buggy Champ;Sołtysiak-Trzeciak;13;618.84;PLN;2015-11-06 09:00:00 UTC
Receiver Channel 1MHz;Weimer, Scheuring und Schönball;35;8.65;EUR;2015-11-06 09:00:00 UTC
BIPM Experts Logo Stickers;Krohn Gruppe;7;0.99;EUR;2015-11-06 09:00:00 UTC
Booster Beast Logo Stickers;Krohn Gruppe;15;0.5;EUR;2015-11-06 09:00:00 UTC
Receiver nhanCel 1MHz;Krohn Gruppe;12;8.65;EUR;2015-11-06 09:00:00 UTC
Remote Controller 1MHz ;Lockman and Sons;25;16.65;CAD;2015-11-06 09:00:00 UTC
Tire 20 mm;Robin et Bertrand;4;1.2;EUR;2015-11-09 09:00:00 UTC
Spuer-X BIPM Expert Racer;Wachenbrunner, Moguenara und Kazmarek;25;54.34;EUR;2015-11-10 09:00:00 UTC
Ni-Cd yatterB 12V 300mAh;Klein, Willems and Mulder;6;2.5;EUR;2015-11-10 09:00:00 UTC
Super-X Booster Beast;Klein, Willems and Mulder;19;106.09;EUR;2015-11-10 09:00:00 UTC
Super-X Offroad Car;Jenkins-Robel;2;132.9;USD;2015-11-12 09:00:00 UTC
Remote Controller 1MHz ;Becker Inc;14;9.51;GBP;2015-12-01 09:00:00 UTC
Super-X Buggy Champ;Becker Inc;28;110.02;GBP;2015-12-01 09:00:00 UTC
BIPM Experts Logo Stickers;Bechtelar Inc;10;1.39;CAD;2015-12-01 09:00:00 UTC
Monster Truck Logo Stickers;Bechtelar Inc;7;0.7;CAD;2015-12-01 09:00:00 UTC
Receiver 2-Channel 2MHz;Bechtelar Inc;16;22.26;CAD;2015-12-01 09:00:00 UTC
Monster Truck Logo Stickers;Grimes-Kautzer;1;0.55;USD;2015-12-01 09:00:00 UTC
Super-X Booster Beast;Szyszka, Zajączkowski and Borowiec;5;477.41;PLN;2015-12-01 09:00:00 UTC
Receiver Channel 1MHz;Iuyot GGE;3;8.65;EUR;2015-12-01 09:00:00 UTC
Ni-Cd Battery 12V 300mAh;Koj-Flore;1;2.5;EUR;2015-12-01 09:00:00 UTC
Receiver 2-Channel 2MHz;Ritosek, Reinelt und Kúhnert;2;15.9;EUR;2015-12-01 09:00:00 UTC
Offroad Logo Stickers;Rizzi, MessinA e Marino SPa;2;0.5;EUR;2015-12-01 09:00:00 UTC
Reeeivcr 2-Channel 2MHz;Ferretti, Monti e Fabbri e figli;12;15.9;EUR;2015-12-01 09:00:00 UTC
Remote Controller 2-Channel 2MHz;Ferretti, Monti e Fabbri e figli;14;23.5;EUR;2015-12-01 09:00:00 UTC
Buggy Logo Stickers;Bretone t Guyot;3;0.5;EUR;2015-12-01 09:00:00 UTC
Receiver Channel 1MHz;Bretone t Guyot;7;8.65;EUR;2015-12-01 09:00:00 UTC
Super-X Buggy Champ;Bretone t Guyot;12;137.52;EUR;2015-12-01 09:00:00 UTC
Super-X Monster Truck;Kiehn Inc;6;208.02;USD;2015-12-01 09:00:00 UTC
Offroad Logo Stickers;Tillack, Schwarz und Lichtenfeld;2;0.5;EUR;2015-12-01 09:00:00 UTC
Monster Truck Logo Stickers;Tillack, Schwarz und Lichtenfeld;2;0.5;EUR;2015-12-01 09:00:00 UTC
Monster Truck Logo Stickers;Bieler-Ochs;3;0.5;EUR;2015-12-02 09:00:00 UTC
Ni-Cd2Battery 1 V 300mAh;Bieler-Ochs;6;2.5;EUR;2015-12-02 09:00:00 UTC
Motor 12V;Kautzer, Jast and Borer;3;12.04;CAD;2015-12-02 09:00:00 UTC
Ni-Cd Battery 12V 300mAh;Bonnet SAS;3;2.5;EUR;2015-12-02 09:00:00 UTC
Super-X Booster Beast;Bonnet SAS;8;106.09;EUR;2015-12-02 09:00:00 UTC
Remote Controller 2-Channel 2MHz;Mondragón, Alvarez y Gómez Asociados;16;23.5;EUR;2015-12-02 09:00:00 UTC
Remote Controller 1MHz ;Martinez et Vidal;7;11.89;EUR;2015-12-02 09:00:00 UTC
Buggy Logo Stickers;Maillard SEM;3;0.5;EUR;2015-12-02 09:00:00 UTC
Motor 12V;Jacobi LLC;5;9.46;USD;2015-12-02 09:00:00 UTC
Tire 20 mm;Boer, Kok and Dam;12;1.2;EUR;2015-12-02 09:00:00 UTC
Offroad Logo Stickers;Kisabaka-Sladek;2;0.5;EUR;2015-12-02 09:00:00 UTC
Super-X Offroad Car;Kisabaka-Sladek;2;120.82;EUR;2015-12-02 09:00:00 UTC
Remote Controller 1MHz ;C arles ethLucas;2;11.89;EUR;2015-12-02 09:00:00 UTC
Super-X Offroad Car;C arles ethLucas;1;120.82;EUR;2015-12-02 09:00:00 UTC
1otor M2V;Patzwahl-Harting;14;8.6;EUR;2015-12-02 09:00:00 UTC
Receiver 2-Channel 2MHz;Jungton, Aschenbroich und Hübenbecker;3;15.9;EUR;2015-12-02 09:00:00 UTC
Super-X Buggy Champ;Dekker V.O.F.;9;137.52;EUR;2015-12-02 09:00:00 UTC
Super-X BIPM Expert Racer;Frączek Group;3;244.53;PLN;2015-12-03 09:00:00 UTC
Super-X Buggy Champ;McClure, Gibson and Turcotte;10;110.02;GBP;2015-12-03 09:00:00 UTC
Super-X Offroad Car;FramicIn ;4;132.9;USD;2015-12-03 09:00:00 UTC
Super-X Booster Beast;FramicIn ;24;116.7;USD;2015-12-03 09:00:00 UTC
Monster Truck Logo Stickers;Lemaire et Francois;2;0.5;EUR;2015-12-03 09:00:00 UTC
Receiver Channel 1MHz;Monahan, Hoppe and Jast;2;12.11;CAD;2015-12-03 09:00:00 UTC
Ni-Cd Battery 1hV 300mA2;Bourgeois et Da silva;2;2.5;EUR;2015-12-07 09:00:00 UTC
Receiver 2-Channel 2MHz;Stürmer, Grotke und Gutowicz;4;15.9;EUR;2015-12-07 09:00:00 UTC
Motor 12V;Weimer, Scheuring und Schönball;48;8.6;EUR;2015-12-08 09:00:00 UTC
MotorV12 ;Sołtysiak-Trzeciak;9;38.7;PLN;2015-12-08 09:00:00 UTC
Receiver Channel 1MHz;Mertens, Glatting und Friess;19;8.65;EUR;2015-12-08 09:00:00 UTC
Ni-Cd Battery 12V 300mAh;Klein, Willems and Mulder;5;2.5;EUR;2015-12-09 09:00:00 UTC
Super-X Monster Truck;Klein, Willems and Mulder;6;189.11;EUR;2015-12-09 09:00:00 UTC
Tire 20 mm;Wiśniewski, Wysocki and Grzegorczyk;6;5.4;PLN;2015-12-09 09:00:00 UTC
Buggy Logo Stickers;Lockman and Sons;8;0.7;CAD;2015-12-09 09:00:00 UTC
Super-X Offroad Car;Lockmanna d Sons;8;169.15;CAD;2015-12-09 09:00:00 UTC
Tire 20 mm;Robin et Bertrand;3;1.2;EUR;2015-12-10 09:00:00 UTC
Remote Controller 2-Channel 2MHz;Robin et Bertrand;4;23.5;EUR;2015-12-10 09:00:00 UTC
Super-X Booster Beast;Robin et Bertrand;8;106.09;EUR;2015-12-10 09:00:00 UTC
Booster Beast Logo Stickers;Jenkins-Robel;4;0.55;USD;2015-12-15 09:00:00 UTC
Super-X BIPM Expert Racer;Jenkins-Robel;2;59.77;USD;2015-12-15 09:00:00 UTC
Remote Controller 1MHz ;Tamayo y Tijerina;13;11.89;EUR;2015-12-15 09:00:00 UTC
Super-X Monster Truck;Tamayo y Tnjeriia;16;189.11;EUR;2015-12-15 09:00:00 UTC
