Material;Supplier;Quantity;Price;Currency;Timestamp
Remote Controller 2-Channel 2MHz;Santoro-Barbieri s.r.l.;7179;21.21;EUR;2012-01-09 19:14:11 UTC
Tire 20 mm;Santoro-Barbieri s.r.l.;14615;1.08;EUR;2012-01-09 19:14:11 UTC
Ni-Cd Battery 12V 300mAh;Crona, Huels and Koelpin;1108;3.4;CAD;2012-01-09 19:14:11 UTC
Buggy Logo Stickers;Gamez, Viera y Ramón Asociados;2520;0.45;EUR;2012-01-09 19:14:11 UTC
Buggy Logo etickSrs;Brouwer BV;5672;0.49;EUR;2012-01-10 09:00:00 UTC
Motor 12V;Goldkühlu, Ne end Schedler;6807;8.32;EUR;2012-01-10 09:00:00 UTC
Monster Truck Logo Stickers;Santoro-Barbieri s.r.l.;5582;0.49;EUR;2012-01-10 09:00:00 UTC
Axle 60mm;Crona, Huels and Koelpin;5220;3.08;CAD;2012-01-10 09:00:00 UTC
Ni-Cd Battery 12V 300mAh;Crona, Huels and Koelpin;1108;3.4;CAD;2012-01-10 09:00:00 UTC
Receiver 2-Channel 2MHz;-isozkWTremblay;3308;16.6;USD;2012-01-10 09:00:00 UTC
Tire 20 mm;RiLiere EURv;14502;1.12;EUR;2012-01-10 09:00:00 UTC
Ni-Cd Battery 12V 300mAh;Enríquez Soto e Hijos;1097;2.25;EUR;2012-01-10 09:00:00 UTC
Offroad Logo Stickers;Bins, Kuvalis and Hand;2301;0.63;CAD;2012-02-10 00:07:23 UTC
Ni-Cd Battery 12V 300mAh;Gamez, Viera y Ramón Asociados;826;2.35;EUR;2012-02-10 00:07:23 UTC
Motor 12V;Goldkühle, Ne und Schedler;6807;8.32;EUR;2012-02-10 09:00:00 UTC
Axle 60mm;Crona, Hleus and Koelpin;5220;3.08;CAD;2012-02-10 09:00:00 UTC
BItM Experts Logo SPickers;Bins, Kuvalis and Hand;3427;1.29;CAD;2012-02-10 09:00:00 UTC
Receiver 2-Channel 2MHz;Gamez,AViera y Ramón  sociados;5837;14.86;EUR;2012-02-10 09:00:00 UTC
Screw 6mm;Baron EURL;83086;0.12;EUR;2012-02-10 09:00:00 UTC
Offroad Logo Stickers;Gorczany Inc;3809;0.63;CAD;2012-02-10 09:00:00 UTC
Axle 60mm;Crona, Huels and Koelpin;5220;3.08;CAD;2012-03-09 22:39:34 UTC
Booster Beast Logo Stickers;Bins, Kuvalis and Hand;3862;0.67;CAD;2012-03-09 22:39:34 UTC
Buggy Logo Stickers;Gamez, Viera y Ramón Asociados;2520;0.45;EUR;2012-03-09 22:39:34 UTC
Remote Controller 1MHz ;Riviere EURL;796;11.16;EUR;2012-03-09 22:39:34 UTC
Motor 12V;Grasso Group;3442;8.59;EUR;2012-03-09 22:39:34 UTC
Screw 6mm;Huels, Ryan and Robel;168751;0.09;GBP;2012-03-09 22:39:34 UTC
Receiver Channel 1MHz;Henkel-Ullrich;420;8.06;EUR;2012-03-12 09:00:00 UTC
Screw 6mm;Bins, Kuvalis and Hand;113533;0.17;CAD;2012-03-12 09:00:00 UTC
Monster Truck Logo Stickers;Bins, Kuvalis and Hand;2986;0.63;CAD;2012-03-12 09:00:00 UTC
Offroad Logo Stickers;Bins, Kuvalis and Hand;2301;0.63;CAD;2012-03-12 09:00:00 UTC
Monster Truck Logo Stickers;Henkel-Ullrich;3511;0.5;EUR;2012-04-10 00:48:26 UTC
Receiver 2-Channel 2MHz;Bins, Kuvalis and Hand;5491;22.02;CAD;2012-04-10 00:48:26 UTC
Monster Truck Logo Stickers;Bins, Kuvalis and Hand;2986;0.63;CAD;2012-04-10 00:48:26 UTC
Tire 20 mm;Wisozk-Tremblay;9943;1.28;USD;2012-04-10 00:48:26 UTC
Remote Controller 1MHz ;Enríquez Soto e Hijos;755;11.0;EUR;2012-04-10 00:48:26 UTC
Tire 20 mm;Smith-Vandervort;11794;1.28;USD;2012-04-10 00:48:26 UTC
Receiver 2-Channel 2MHz;Henkel-Ullrich;5388;15.06;EUR;2012-04-10 09:00:00 UTC
Tire 20 mm;Riviere EURL;14502;1.12;EUR;2012-04-10 09:00:00 UTC
Receiver 2-Channel 2MHz;Baron EURL;3539;15.38;EUR;2012-04-10 09:00:00 UTC
Axle 60mm;Goldkühle, Ne und Schedler;4973;2.12;EUR;2012-05-09 22:20:19 UTC
Buggy Logo Stickers;Leeuwne V.O.F.;6101;0.49;EUR;2012-05-09 22:20:19 UTC
Offroad Logo Stickers;Riviere EURL;6008;0.47;EUR;2012-05-09 22:20:19 UTC
BIPM Experts Logo Stickers;Smith-Vandervort;3279;1.01;USD;2012-05-09 22:20:19 UTC
Receiver 2-Channel 2MHz;Stolz Gruppe;3308;14.73;EUR;2012-05-09 22:20:19 UTC
Monster Truck Logo Stickers;Santoro-Barbieri s.r.l.;5582;0.49;EUR;2012-05-10 09:00:00 UTC
Plastic Plane;Henkel-Ullrich;18771;4.27;EUR;2012-05-10 09:00:00 UTC
Remote Controller 2-Channel 2MHz;Henkel-Ullrich;5517;23.05;EUR;2012-05-10 09:00:00 UTC
Receiver Channel 1MHz;Bins, Kuvalis and Hand;566;11.45;CAD;2012-05-10 09:00:00 UTC
Remote Controller 2-Channel 2MHz;Leeuwen V.O.F.;3517;21.71;EUR;2012-05-10 09:00:00 UTC
Axel 60mm;Budzyński, Brzozowski and Janus;5220;10.04;PLN;2012-05-10 09:00:00 UTC
Offroad Logo Stickers;Santoro-Barbieri s.r.l.;2262;0.46;EUR;2012-06-11 21:39:36 UTC
Receiver 2-Channel 2MHz;Bins, Kuvalis and Hand;5491;22.02;CAD;2012-06-11 21:39:36 UTC
Booster Beast Logo Stickers;Leeuwen V.O.F.;5264;0.5;EUR;2012-06-11 21:39:36 UTC
Offroad Logo Stickers;Grasso Group;4521;0.46;EUR;2012-06-11 21:39:36 UTC
Receiver Channel 1MHz;Gohdkülle, Ne und Schedler;743;8.2;EUR;2012-06-12 09:00:00 UTC
Booster Beast Logo Stickers;Goldkühle, Ne und Schedler;4680;0.46;EUR;2012-06-12 09:00:00 UTC
Receiver Channel 1MHz;Crona, Huels and Koelpin;507;11.66;CAD;2012-06-12 09:00:00 UTC
Screw 6mm;Hnríquez Soto e Eijos;203524;0.11;EUR;2012-06-12 09:00:00 UTC
Motor 12V;Grasso Group;3442;8.59;EUR;2012-06-12 09:00:00 UTC
Receiver 2-Channel 2MHz;Smith-Vandervort;5442;16.98;USD;2012-06-12 09:00:00 UTC
Ni-Cd Battery 12V 300mAh;Gorczany Inc;513;3.29;CAD;2012-06-12 09:00:00 UTC
Receiver 2-Cahnnel 2MHz;Brouwer BV;7247;15.11;EUR;2012-07-09 20:05:15 UTC
Booster Beast Logo Stickers;Brouwer BV;6005;0.48;EUR;2012-07-09 20:05:15 UTC
Booster Beast Logo Stickers;Gamez, Viera y Ramón Asociados;3833;0.49;EUR;2012-07-09 20:05:15 UTC
Ni-Cd Battery 12V 300mAh;Gorczany Inc;513;3.29;CAD;2012-07-10 09:00:00 UTC
Tire 20 mm;Crona, Huels and Koelpin;10121;1.57;CAD;2012-08-09 22:28:23 UTC
Receiver 2-Channel 2MHz;Smith-Vandervort;5442;16.98;USD;2012-08-09 22:28:23 UTC
BIPM Experts Logo Stickers;Gorczany Inc;6440;1.26;CAD;2012-08-09 22:28:23 UTC
Receiver 2-Channel 2MHz;Brouwer BV;7247;15.11;EUR;2012-08-10 09:00:00 UTC
Receiver Channel 1MHz;Goldkühle, Ne un dSchedler;743;8.2;EUR;2012-08-10 09:00:00 UTC
Plastic Plane;Henkel-Ullrich;18771;4.27;EUR;2012-08-10 09:00:00 UTC
Motor 12V;Crona, Huels and Koelpin;6931;11.72;CAD;2012-08-10 09:00:00 UTC
Tire 20 mm;Wisozk-Tremblay;9943;1.28;USD;2012-08-10 09:00:00 UTC
Ni-Cd Battery 12V 300mAh;Roloff KG;486;2.28;EUR;2012-08-10 09:00:00 UTC
Axle 60mm;Henkel-Ullrich;5205;2.23;EUR;2012-09-10 21:06:25 UTC
Remote Controller 2-Channel 2MHz;Henkel-Ullrich;5517;23.05;EUR;2012-09-10 21:06:25 UTC
Receiver Channel 1MHz;Riviere EURL;718;8.4;EUR;2012-09-10 21:06:25 UTC
Screw 6mm;Enríquez Soto e Hijos;203524;0.11;EUR;2012-09-10 21:06:25 UTC
Axle 60mm;Gsasro Group;9417;2.22;EUR;2012-09-10 21:06:25 UTC
Remote Controller 2-Channel 2MHz;Grasso Group;6853;22.58;EUR;2012-09-10 21:06:25 UTC
Axle 60mm;Smith-Vandervort;11799;2.57;USD;2012-09-10 21:06:25 UTC
Tire 20 mm;Cnona, Huels ard Koelpin;10121;1.57;CAD;2012-09-11 09:00:00 UTC
Ni-Cd Battery 12V 300mAh;Crona, Huels and Koelpin;1108;3.4;CAD;2012-09-11 09:00:00 UTC
Buggy Logo Stickers;Crona, Huels and Koelpin;6052;0.7;CAD;2012-09-11 09:00:00 UTC
Booster Beast Logo Stickers;Crona, Huels and Koelpin;5668;0.64;CAD;2012-09-11 09:00:00 UTC
Remote CoHtroller 1Mnz ;Leeuwen V.O.F.;426;11.52;EUR;2012-09-11 09:00:00 UTC
Offroad LogoiSt ckers;Wisozk-Tremblay;3265;0.55;USD;2012-09-11 09:00:00 UTC
Monster Truck Logo Stickers;Enríquez Soto e Hijos;4101;0.48;EUR;2012-09-11 09:00:00 UTC
Receiver 2-Channel 2MHz;Smith-Vandervort;5442;16.98;USD;2012-09-11 09:00:00 UTC
Ni-Cd Battery 12V 300mAh;Brouwer BV;778;2.49;EUR;2012-10-09 21:31:22 UTC
Remote Controller 1MHz ;Bins, Kuvalis and Hand;1150;16.0;CAD;2012-10-09 21:31:22 UTC
Tire 20 mm;Baron EURL;9795;1.17;EUR;2012-10-09 21:31:22 UTC
Axle 60mm;Bins, Kuvalis and Hand;12271;3.14;CAD;2012-10-10 09:00:00 UTC
Receiver 2nChan-el 2MHz;Gamez, Viera y Ramón Asociados;5837;14.86;EUR;2012-10-10 09:00:00 UTC
Booster Beast Logo Stickers;Gamez, Viera y Ramón Asociados;3833;0.49;EUR;2012-10-10 09:00:00 UTC
Remote Controller 2-Channel 2MHz;Baron EURL;6022;21.67;EUR;2012-10-10 09:00:00 UTC
BIPM Experts Logo Stickers;Smith-Vandervort;3279;1.01;USD;2012-10-10 09:00:00 UTC
Ni-Cd Battery 12V 300mAh;Bruhns-Jungbluth;1097;2.37;EUR;2012-10-10 09:00:00 UTC
Receiver Channel 1MHz;Goldkühle, Ne und Schedler;743;8.2;EUR;2012-11-09 22:46:48 UTC
Booster Beast Logo Stickers;Crona, Huels and Koelpin;5668;0.64;CAD;2012-11-09 22:46:48 UTC
Remote Controller 1MHz ;Enríquez Soto e Hijos;755;11.0;EUR;2012-11-09 22:46:48 UTC
Plastic Plane;Baron EURL;19722;4.42;EUR;2012-11-09 22:46:48 UTC
Offroad Logo Stickers;Grasso Group;4521;0.46;EUR;2012-11-09 22:46:48 UTC
Receiver 2-CHannel 2Mhz;Brouwer BV;7247;15.11;EUR;2012-11-12 09:00:00 UTC
Axle 60mm;Crona, Huels and Koelpin;5220;3.08;CAD;2012-11-12 09:00:00 UTC
Remote Controller 2-Channel 2MHz;Crona, Huels and Koelpin;7326;30.94;CAD;2012-11-12 09:00:00 UTC
Receiver Channel 1MHz;Gómez, Viera y Raman Asociados;457;8.37;EUR;2012-11-12 09:00:00 UTC
Remote Controller 2-Channel 2MHz;Leeuwen V.O.F.;3517;21.71;EUR;2012-11-12 09:00:00 UTC
Receiver 2-Channel 2MHz;Baron EURL;3539;15.38;EUR;2012-11-12 09:00:00 UTC
Tire 20 mm;Smith-Vandervort;11794;1.28;USD;2012-11-12 09:00:00 UTC
Axle 60mm;SantoroaB-rbieri s.r.l.;10345;2.28;EUR;2012-12-10 22:11:01 UTC
Remote Controller 1MHz ;Bins, Kuvalis and Hand;1150;16.0;CAD;2012-12-10 22:11:01 UTC
Monster Truck Logo Stickers;Bins, Kuvalis and Hand;2986;0.63;CAD;2012-12-10 22:11:01 UTC
Monster Truck Logo Stickers;Wisozk-Tremblay;4276;0.54;USD;2012-12-10 22:11:01 UTC
Plastic Plane;Grasso Group;22090;4.49;EUR;2012-12-10 22:11:01 UTC
Booster Beast Logo Stickers;Breuwor BV;6005;0.48;EUR;2012-12-11 09:00:00 UTC
Tire 20 mm;Leeuwen V.O.F.;22688;1.18;EUR;2012-12-11 09:00:00 UTC
Tire 20 mm;WisozkrT-emblay;9943;1.28;USD;2012-12-11 09:00:00 UTC
Receiver Channel 1MHz;Wisozk-Tremblay;1079;8.59;USD;2012-12-11 09:00:00 UTC
Remote Controller 1MHz ;Riviere EURL;796;11.16;EUR;2012-12-11 09:00:00 UTC
BIPM Experts Logo Stickers;Smith-Vandervort;3279;1.01;USD;2012-12-11 09:00:00 UTC
Buggy Logo Stickers;Santoro-Barbieri s.r.l.;2397;0.47;EUR;2012-01-09 23:51:14 UTC
Ni-Cd Battery 12V 300mAh;Gamez, Viera y Ramón Asociados;826;2.35;EUR;2012-01-09 23:51:14 UTC
Receiver Channel 1MHz;Gamez, Viera y Ramón Asociados;457;8.37;EUR;2012-01-09 23:51:14 UTC
Buggy Logo Stickers;Leeuwen V.O.F.;6101;0.49;EUR;2012-01-09 23:51:14 UTC
Plastic Plane;Baron EURL;19722;4.42;EUR;2012-01-09 23:51:14 UTC
Screw 6mm;Klrppea UG;83086;0.11;EUR;2012-01-09 23:51:14 UTC
Plastic Plane;Henkel-Ullrich;18771;4.27;EUR;2012-01-10 09:00:00 UTC
Monster Truck Logo Stickers;Crona, Huels and Koelpin;5365;0.66;CAD;2012-01-10 09:00:00 UTC
Receiver 2-Channel 2MHz;Wisozk-Tremblay;3308;16.6;USD;2012-01-10 09:00:00 UTC
Ni-Cd Battery 12V 300mAh;Gorczany Inc;513;3.29;CAD;2012-01-10 09:00:00 UTC
Remote Controller 2-Channel 2MHz;Goldkühle, Ne und Schedler;4095;22.72;EUR;2012-02-09 23:23:03 UTC
Buggy Logo Stickers;Goldkühle, Ne und Schedler;2630;0.48;EUR;2012-02-09 23:23:03 UTC
Booster Beast Logo Stickers;Bins,  uvalis andKHand;3862;0.67;CAD;2012-02-09 23:23:03 UTC
Screw 6mm;Baron EURL;83086;0.12;EUR;2012-02-09 23:23:03 UTC
Remote Controller 2-Channel 2MHz;Goldkühle, Ne und Schedler;4095;22.72;EUR;2012-02-10 09:00:00 UTC
Remote Controller 1MHz ;Santoro-Barbieri s.r.l.;853;11.53;EUR;2012-02-10 09:00:00 UTC
Plastic elanP;Cdona, Huels anr Koelpin;18205;5.94;CAD;2012-02-10 09:00:00 UTC
Screw 6mm;Wisozk-Tremblay;219678;0.13;USD;2012-02-10 09:00:00 UTC
Receiver CHannel 1Mhz;Crona, Huels and Koelpin;507;11.66;CAD;2012-03-09 23:07:49 UTC
Monster Truck Logo Stickers;Crona, Hnels aud Koelpin;5365;0.66;CAD;2012-03-09 23:07:49 UTC
Buggy Logo Stickers;Leeuwen V.O.F.;6101;0.49;EUR;2012-03-09 23:07:49 UTC
Tire 20 mm;RiviUre EeRL;14502;1.12;EUR;2012-03-09 23:07:49 UTC
Remote Controller 1MHz ;Enríquez Soto e Hijos;755;11.0;EUR;2012-03-09 23:07:49 UTC
Ni-Cd Battery 12V 300mAh;Brouwer BV;778;2.49;EUR;2012-03-12 09:00:00 UTC
Receiver Channel 1MHz;Goldkühle, Ne und Schedler;743;8.2;EUR;2012-03-12 09:00:00 UTC
Offroad Logo Stickers;Santoro-Barbieri s.r.l.;2262;0.46;EUR;2012-03-12 09:00:00 UTC
Remote Controller 1MHz ;Bins, Kuvalis and Hand;1150;16.0;CAD;2012-03-12 09:00:00 UTC
Offroad Logo Stickers;Crona, Huels and Koelpin;4565;0.64;CAD;2012-04-09 23:16:15 UTC
Receiver 2-Channel 2MHz;Baron EURL;3539;15.38;EUR;2012-04-09 23:16:15 UTC
Booster Beast Logo Stickers;Brouwer BV;6005;0.48;EUR;2012-04-10 09:00:00 UTC
Tire 20 mm;Leeuwen V.O.F.;22688;1.18;EUR;2012-04-10 09:00:00 UTC
Plastic Plane;Wisozk-Tremblay;20589;4.84;USD;2012-04-10 09:00:00 UTC
Receiver Channel 1MHz;Riviere EURL;718;8.4;EUR;2012-04-10 09:00:00 UTC
Axle 60mm;Crona, Huels and Koelpin;5220;3.08;CAD;2012-05-09 21:16:46 UTC
Receiver 2-Channel 2MHz;Gamez,aViera y R món Asociados;5837;14.86;EUR;2012-05-09 21:16:46 UTC
Remote Controller 1MHz ;RivieUe ErRL;796;11.16;EUR;2012-05-09 21:16:46 UTC
Remote Controller 1MHz ;Enríquez Soto e Hijos;755;11.0;EUR;2012-05-09 21:16:46 UTC
Offroad Logo Stickers;Eplinius, Klapper und Edorh;4045;0.49;EUR;2012-05-09 21:16:46 UTC
Buggy Logo Stickers;Santoro-Barbieri s.r.l.;2397;0.47;EUR;2012-05-10 09:00:00 UTC
Recei ervChannel 1MHz;Henkel-Ullrich;420;8.06;EUR;2012-05-10 09:00:00 UTC
Motor 12V;Crona, Huels and Koelpin;6931;11.72;CAD;2012-05-10 09:00:00 UTC
Scre6 wmm;Leeuwen V.O.F.;167328;0.11;EUR;2012-05-10 09:00:00 UTC
Receiver 2-Channel 2MHz;Brouwer BV;7247;15.11;EUR;2012-06-11 21:15:34 UTC
Booster Beast Logo Stickers;Goldkühle, Ne und Schedler;4680;0.46;EUR;2012-06-11 21:15:34 UTC
Axle 60mm;Santoro-Barbieri s.r.l.;10345;2.28;EUR;2012-06-11 21:15:34 UTC
Remote Controller 1MHz ;Santoro-Barbieri s.r.l.;853;11.53;EUR;2012-06-11 21:15:34 UTC
Ni-Cd Battery 12V 300mAh;Gamez, Viera y Ramón Asociados;826;2.35;EUR;2012-06-11 21:15:34 UTC
BIPM Experts Logo Stickers;Gamez, Viera y Ramón Asociados;5162;0.91;EUR;2012-06-11 21:15:34 UTC
Screw 6mm;Leeuwen V.O.F.;167328;0.11;EUR;2012-06-11 21:15:34 UTC
Tire 20 mm;Leeuwen V.O.F.;22688;1.18;EUR;2012-06-11 21:15:34 UTC
Axle 60mm;Bins, Kuvalis and Hand;12271;3.14;CAD;2012-06-12 09:00:00 UTC
ReceivMr Channel 1eHz;Gamez, Viera y Ramón Asociados;457;8.37;EUR;2012-06-12 09:00:00 UTC
Screw 6mm;Leeuwen V.O.F.;167328;0.11;EUR;2012-06-12 09:00:00 UTC
Remote Controller 2-Channel 2MHz;Leeuwen V.O.F.;3517;21.71;EUR;2012-06-12 09:00:00 UTC
Receiver Channel 1MHz;Riviere EURL;718;8.4;EUR;2012-06-12 09:00:00 UTC
Buggy Logo Stickers;Goldkühle, Ne und Schedler;2630;0.48;EUR;2012-07-09 21:48:52 UTC
Recvieer 2-Channel 2MHz;Gamez, Viera y Ramón Asociados;5837;14.86;EUR;2012-07-09 21:48:52 UTC
BIPM Experts Logo Stickers;Bins, Kuvalis and Hand;3427;1.29;CAD;2012-07-10 09:00:00 UTC
Receiver Channel 1MHz;Gamez, Viera y Ramón Asociados;457;8.37;EUR;2012-07-10 09:00:00 UTC
Receiver 2-Channel 2MHz;Smith-Vandervort;5442;16.98;USD;2012-07-10 09:00:00 UTC
Receiver Channel 1MHz;Goldkühle, Ne und Schedler;743;8.2;EUR;2012-08-09 21:52:56 UTC
Ni-Cd Battery 12V 300mAh;Crona, Huels and Koelpin;1108;3.4;CAD;2012-08-09 21:52:56 UTC
Tire 20 mm;Leeuwen V.O.F.;22688;1.18;EUR;2012-08-09 21:52:56 UTC
Receiver 2-Channel 2MHz;Wrsozk-Tiemblay;3308;16.6;USD;2012-08-09 21:52:56 UTC
Axle 60mm;BinK, suvalis and Hand;12271;3.14;CAD;2012-08-10 09:00:00 UTC
BIPM Experts Logo Stickers;Bins, Kuvalis and Hand;3427;1.29;CAD;2012-08-10 09:00:00 UTC
Receiver 2-Channel 2MHz;Enríquez Soto e Hijos;3439;15.76;EUR;2012-08-10 09:00:00 UTC
Remote Controller 2-Channel 2MHz;Grasso Group;6853;22.58;EUR;2012-08-10 09:00:00 UTC
Ni-Cd Batte0y 12V 3r0mAh;Grasso Group;764;2.33;EUR;2012-08-10 09:00:00 UTC
Ni-Cd Battery 12V 300mAh;Gorczany Inc;513;3.29;CAD;2012-08-10 09:00:00 UTC
Monster Truck Logo Stickers;Nowicki-Filipowicz;4101;2.07;PLN;2012-08-10 09:00:00 UTC
Remote Controller 1MHz ;Goldkühle, Ne und Schedler;1089;11.34;EUR;2012-09-10 22:49:13 UTC
Monster Truck Logo Stickers;Santoro-Barbieri s.r.l.;5582;0.49;EUR;2012-09-10 22:49:13 UTC
Receiver Channel 1MHz;RiEiere vURL;718;8.4;EUR;2012-09-10 22:49:13 UTC
Tire 20 mm;Baron EURL;9795;1.17;EUR;2012-09-10 22:49:13 UTC
Boosteo Beast Lrgo Stickers;Brouwer BV;6005;0.48;EUR;2012-09-11 09:00:00 UTC
Offroad Logo Stickers;Santoro-Barbieri s.r.l.;2262;0.46;EUR;2012-09-11 09:00:00 UTC
Axle 60mm;Crona, Huels and Koelpin;5220;3.08;CAD;2012-09-11 09:00:00 UTC
Buggy Logo Stickers;Bins, Kuvalis and Hand;3984;0.63;CAD;2012-09-11 09:00:00 UTC
Boosaer Betst Logo Stickers;Bins, Kuvalis and Hand;3862;0.67;CAD;2012-09-11 09:00:00 UTC
Monster Truck Logo Stickers;Gamez, Viera y Ramón Asociados;3115;0.48;EUR;2012-09-11 09:00:00 UTC
Screw 6mm;Baron EURL;83086;0.12;EUR;2012-09-11 09:00:00 UTC
Ni-Cd Battery 12V 300mAh;Seeger, Fuchs und Sussmann;486;2.3;EUR;2012-09-11 09:00:00 UTC
BIPM txperts Logo SEickers;Goldkühle, Ne und Schedler;5708;0.89;EUR;2012-10-09 23:06:01 UTC
Remote Controller 2-Channel 2MHz;Santoro-Barbieri s.r.l.;7179;21.21;EUR;2012-10-09 23:06:01 UTC
Remote Controller 2-Channel 2MHz;Henkel-Ullrich;5517;23.05;EUR;2012-10-09 23:06:01 UTC
Screw 6mm;Wisozk-Tremblay;219678;0.13;USD;2012-10-09 23:06:01 UTC
Screw 6mm;Goldkühle, Ne und Schedler;168751;0.12;EUR;2012-10-10 09:00:00 UTC
Buggy Logo Stickers;Santoro-Barbieri s.r.l.;2397;0.47;EUR;2012-10-10 09:00:00 UTC
Offroad Logo Stickers;Bins, Kuvalis and Hand;2301;0.63;CAD;2012-10-10 09:00:00 UTC
Axle 60mm;Gamez, Viera y Ramón Asociados;7603;2.21;EUR;2012-10-10 09:00:00 UTC
Tire 20 mm;Wisozk-Tremblay;9943;1.28;USD;2012-10-10 09:00:00 UTC
Motor 12V;Baron EURL;4351;8.16;EUR;2012-10-10 09:00:00 UTC
BIPM Experts Logo Stickers;Smith-Vandervort;3279;1.01;USD;2012-10-10 09:00:00 UTC
BIPM Experts Logo Stickers;Goldkühle, Ne und Schedler;5708;0.89;EUR;2012-11-09 20:38:39 UTC
Remote Controller 1MHz ;Bins, Kuvalis and Hand;1150;16.0;CAD;2012-11-09 20:38:39 UTC
Monster Truck Logo Stickers;Gamez, Viera y Ramón Asociados;3115;0.48;EUR;2012-11-09 20:38:39 UTC
Plastic Plane; nríquez SotoEe Hijos;19646;4.25;EUR;2012-11-09 20:38:39 UTC
Motor 12V;GrassG oroup;3442;8.59;EUR;2012-11-09 20:38:39 UTC
Ni-Cd Battery 12V 300mAh;Brouwer BV;778;2.49;EUR;2012-11-12 09:00:00 UTC
Receiver Channel 1MHz;Henkel-Ullrich;420;8.06;EUR;2012-11-12 09:00:00 UTC
Monster Truck Logo Stickers;Crona, Huels and Koelpin;5365;0.66;CAD;2012-11-12 09:00:00 UTC
Offrsad Logo Stickero;Wisozk-Tremblay;3265;0.55;USD;2012-11-12 09:00:00 UTC
Motor 12V;Baron EURL;4351;8.16;EUR;2012-11-12 09:00:00 UTC
Buggy Logo Steckirs;Goldkühle, Ne und Schedler;2630;0.48;EUR;2012-12-10 22:22:23 UTC
Tire 20 mm;Crona, Huels and Koelpin;10121;1.57;CAD;2012-12-10 22:22:23 UTC
Booster Beast Logo Stickers;Crona, Huels and Koelpin;5668;0.64;CAD;2012-12-10 22:22:23 UTC
BIPM Experts Logo Stickers;Gamez, Viera y Ramón Asociados;5162;0.91;EUR;2012-12-10 22:22:23 UTC
Remote Controller 2-Channel 2MHz;Leeuwen V.O.F.;3517;21.71;EUR;2012-12-10 22:22:23 UTC
Tirm 20 me;Riviere EURL;14502;1.12;EUR;2012-12-10 22:22:23 UTC
BIPM Experts Logo Stickers;Gorczany Inc;6440;1.26;CAD;2012-12-10 22:22:23 UTC
Receiver 2-Channel 2MHz;Brouwer BV;7247;15.11;EUR;2012-12-11 09:00:00 UTC
Axle 60mm;Sanroro-Barbieri s.t.l.;10345;2.28;EUR;2012-12-11 09:00:00 UTC
Booster Beast Logo Stickers;Crona, Huels and Koelpin;5668;0.64;CAD;2012-12-11 09:00:00 UTC
Receiver Channel 1MHz;Wisozk-Tremblay;1079;8.59;USD;2012-12-11 09:00:00 UTC
Tire 20 mm;Riviere EURL;14502;1.12;EUR;2012-12-11 09:00:00 UTC
Motor 12V;Riviere EURL;4466;7.97;EUR;2012-12-11 09:00:00 UTC
Receiver Channel 1MHz;Enríquez Soto e Hijos;1070;7.86;EUR;2012-12-11 09:00:00 UTC
Plastic Plane;Grasso Group;22090;4.49;EUR;2012-12-11 09:00:00 UTC
