Production Order ID;Machine ID;Material;Machine Status;Temperature;Timestamp
25770;1;Booster Beast Autobody;OK;7.7;2016-01-01 09:00:00 UTC
25769;2;Booster Beast Autobody;OK;31.4;2016-01-01 09:00:00 UTC
25768;3;Booster Beast Autobody;Problematic;110.4;2016-01-01 09:00:00 UTC
25767;4;Booster Beast Autobody;Problematic;137.0;2016-01-01 09:00:00 UTC
25766;5;Booster Beast Autobody;OK;45.9;2016-01-01 09:00:00 UTC
25765;6;Booster Beast Autobody;OK;64.4;2016-01-01 09:00:00 UTC
25764;7;Booster Beast Autobody;OK;23.1;2016-01-01 09:00:00 UTC
25763;8;Booster Beast Autobody;OK;43.4;2016-01-01 09:00:00 UTC
25762;9;Booster Beast Autobody;OK;34.0;2016-01-01 09:00:00 UTC
25761;10;Booster Beast Autobody;Problematic;47.4;2016-01-01 09:00:00 UTC
25760;11;Booster Beast Autobody;OK;22.2;2016-01-01 09:00:00 UTC
25759;12;Monster Truck Autobody;OK;31.6;2016-01-01 09:00:00 UTC
25758;13;Monster Truck Autobody;OK;53.4;2016-01-01 09:00:00 UTC
25757;14;Monster Truck Autobody;OK;52.9;2016-01-01 09:00:00 UTC
25756;15;Monster Truck Autobody;OK;34.1;2016-01-01 09:00:00 UTC
25755;16;Monster Truck Autobody;Problematic;63.4;2016-01-01 09:00:00 UTC
25754;17;Monster Truck Autobody;OK;18.0;2016-01-01 09:00:00 UTC
25753;18;Monster Truck Autobody;OK;28.1;2016-01-01 09:00:00 UTC
25752;19;Monster Truck Autobody;OK;54.0;2016-01-01 09:00:00 UTC
25751;20;Monster Truck Autobody;Problematic;40.4;2016-01-01 09:00:00 UTC
25750;21;Monster Truck Autobody;OK;50.4;2016-01-01 09:00:00 UTC
25749;22;Buggy Champ Autobody;OK;11.0;2016-01-01 09:00:00 UTC
25748;23;Buggy Champ Autobody;OK;17.0;2016-01-01 09:00:00 UTC
25747;24;Buggy Champ Autobody;OK;51.5;2016-01-01 09:00:00 UTC
25746;25;Buggy Champ Autobody;OK;62.1;2016-01-01 09:00:00 UTC
25745;26;Buggy Champ Autobody;OK;43.6;2016-01-01 09:00:00 UTC
25744;27;Buggy Champ Autobody;OK;52.2;2016-01-01 09:00:00 UTC
25743;28;Buggy Champ Autobody;Problematic;97.8;2016-01-01 09:00:00 UTC
25742;29;Buggy Champ Autobody;OK;7.5;2016-01-01 09:00:00 UTC
25741;30;Buggy Champ Autobody;OK;16.2;2016-01-01 09:00:00 UTC
25740;31;Buggy Champ Autobody;OK;50.8;2016-01-01 09:00:00 UTC
25739;32;Buggy Champ Autobody;OK;17.3;2016-01-01 09:00:00 UTC
25738;33;Buggy Champ Autobody;OK;58.0;2016-01-01 09:00:00 UTC
25737;34;Buggy Champ Autobody;OK;36.3;2016-01-01 09:00:00 UTC
25736;35;Buggy Champ Autobody;OK;9.5;2016-01-01 09:00:00 UTC
25735;36;Buggy Champ Autobody;OK;36.6;2016-01-01 09:00:00 UTC
25734;37;Buggy Champ Autobody;OK;60.1;2016-01-01 09:00:00 UTC
25733;38;Buggy Champ Autobody;OK;5.3;2016-01-01 09:00:00 UTC
25732;39;Buggy Champ Autobody;OK;10.0;2016-01-01 09:00:00 UTC
25731;40;Buggy Champ Autobody;OK;20.8;2016-01-01 09:00:00 UTC
25730;41;Buggy Champ Autobody;OK;40.8;2016-01-01 09:00:00 UTC
25729;42;Buggy Champ Autobody;OK;58.2;2016-01-01 09:00:00 UTC
25728;43;Buggy Champ Autobody;Problematic;129.6;2016-01-01 09:00:00 UTC
25727;44;Buggy Champ Autobody;OK;43.4;2016-01-01 09:00:00 UTC
25726;45;R/C Drive Unit 12V;OK;21.5;2016-01-01 09:00:00 UTC
25725;46;R/C Drive Unit 12V;Problematic;70.2;2016-01-01 09:00:00 UTC
25724;47;R/C Drive Unit 12V;Problematic;73.6;2016-01-01 09:00:00 UTC
25723;48;R/C Drive Unit 12V;OK;46.8;2016-01-01 09:00:00 UTC
25722;49;R/C Drive Unit 12V;OK;15.6;2016-01-01 09:00:00 UTC
25721;50;R/C Drive Unit 12V;OK;18.9;2016-01-01 09:00:00 UTC
25820;1;Super-X Buggy Champ;OK;13.8;2016-01-04 09:00:00 UTC
25819;2;Super-X Buggy Champ;OK;17.8;2016-01-04 09:00:00 UTC
25818;3;Super-X Buggy Champ;OK;21.0;2016-01-04 09:00:00 UTC
25817;4;Super-X Buggy Champ;OK;52.4;2016-01-04 09:00:00 UTC
25816;5;Super-X Buggy Champ;OK;39.6;2016-01-04 09:00:00 UTC
25815;6;Super-X Buggy Champ;Problematic;98.2;2016-01-04 09:00:00 UTC
25814;7;Super-X Buggy Champ;OK;52.1;2016-01-04 09:00:00 UTC
25813;8;Super-X Buggy Champ;OK;18.3;2016-01-04 09:00:00 UTC
25812;9;Super-X Buggy Champ;OK;46.5;2016-01-04 09:00:00 UTC
25811;10;Super-X Buggy Champ;Problematic;127.8;2016-01-04 09:00:00 UTC
25810;11;Super-X Buggy Champ;OK;47.5;2016-01-04 09:00:00 UTC
25809;12;Super-X Buggy Champ;OK;16.9;2016-01-04 09:00:00 UTC
25808;13;Super-X Buggy Champ;OK;7.5;2016-01-04 09:00:00 UTC
25807;14;Super-X Buggy Champ;OK;14.8;2016-01-04 09:00:00 UTC
25806;15;Super-X Buggy Champ;OK;37.8;2016-01-04 09:00:00 UTC
25805;16;Super-X Buggy Champ;Problematic;35.2;2016-01-04 09:00:00 UTC
25804;17;Super-X Buggy Champ;OK;12.9;2016-01-04 09:00:00 UTC
25803;18;Super-X Buggy Champ;OK;46.3;2016-01-04 09:00:00 UTC
25802;19;Super-X Buggy Champ;Problematic;111.0;2016-01-04 09:00:00 UTC
25801;20;Super-X Buggy Champ;OK;43.1;2016-01-04 09:00:00 UTC
25800;21;Super-X Buggy Champ;OK;48.1;2016-01-04 09:00:00 UTC
25799;22;Super-X Buggy Champ;OK;39.8;2016-01-04 09:00:00 UTC
25798;23;Super-X Buggy Champ;OK;24.9;2016-01-04 09:00:00 UTC
25797;24;Super-X Buggy Champ;OK;10.9;2016-01-04 09:00:00 UTC
25796;25;Super-X Buggy Champ;OK;35.5;2016-01-04 09:00:00 UTC
25795;26;Super-X Buggy Champ;OK;42.7;2016-01-04 09:00:00 UTC
25794;27;Offroad Autobody;Problematic;27.4;2016-01-04 09:00:00 UTC
25793;28;Offroad Autobody;Problematic;115.2;2016-01-04 09:00:00 UTC
25792;29;Offroad Autobody;OK;10.0;2016-01-04 09:00:00 UTC
25791;30;BIPM Experts Autobody;OK;11.3;2016-01-04 09:00:00 UTC
25790;31;BIPM Experts Autobody;OK;42.6;2016-01-04 09:00:00 UTC
25789;32;BIPM Experts Autobody;Problematic;25.0;2016-01-04 09:00:00 UTC
25788;33;BIPM Experts Autobody;OK;64.9;2016-01-04 09:00:00 UTC
25787;34;BIPM Experts Autobody;OK;35.2;2016-01-04 09:00:00 UTC
25786;35;BIPM Experts Autobody;OK;28.5;2016-01-04 09:00:00 UTC
25785;36;Booster Beast Autobody;OK;17.1;2016-01-04 09:00:00 UTC
25784;37;Booster Beast Autobody;OK;11.9;2016-01-04 09:00:00 UTC
25783;38;Booster Beast Autobody;OK;6.5;2016-01-04 09:00:00 UTC
25782;39;Booster Beast Autobody;OK;56.0;2016-01-04 09:00:00 UTC
25781;40;Booster Beast Autobody;Problematic;115.8;2016-01-04 09:00:00 UTC
25780;41;Booster Beast Autobody;OK;53.1;2016-01-04 09:00:00 UTC
25779;42;Booster Beast Autobody;OK;31.8;2016-01-04 09:00:00 UTC
25778;43;Booster Beast Autobody;OK;9.8;2016-01-04 09:00:00 UTC
25777;44;Booster Beast Autobody;OK;42.1;2016-01-04 09:00:00 UTC
25776;45;Booster Beast Autobody;OK;27.1;2016-01-04 09:00:00 UTC
25775;46;Booster Beast Autobody;OK;30.1;2016-01-04 09:00:00 UTC
25774;47;Booster Beast Autobody;OK;7.3;2016-01-04 09:00:00 UTC
25773;48;Booster Beast Autobody;OK;6.3;2016-01-04 09:00:00 UTC
25772;49;Booster Beast Autobody;OK;24.6;2016-01-04 09:00:00 UTC
25771;50;Booster Beast Autobody;OK;12.7;2016-01-04 09:00:00 UTC
25870;1;Super-X Booster Beast;OK;58.9;2016-01-05 09:00:00 UTC
25869;2;Super-X Booster Beast;Problematic;32.4;2016-01-05 09:00:00 UTC
25868;3;Super-X Booster Beast;OK;31.9;2016-01-05 09:00:00 UTC
25867;4;Super-X Booster Beast;OK;21.3;2016-01-05 09:00:00 UTC
25866;5;Super-X Booster Beast;OK;63.4;2016-01-05 09:00:00 UTC
25865;6;Super-X Booster Beast;OK;30.9;2016-01-05 09:00:00 UTC
25864;7;Super-X Booster Beast;Problematic;46.4;2016-01-05 09:00:00 UTC
25863;8;Super-X Booster Beast;OK;57.9;2016-01-05 09:00:00 UTC
25862;9;Super-X Booster Beast;OK;18.2;2016-01-05 09:00:00 UTC
25861;10;Super-X Booster Beast;OK;14.0;2016-01-05 09:00:00 UTC
25860;11;Super-X Booster Beast;OK;61.3;2016-01-05 09:00:00 UTC
25859;12;Super-X Monster Truck;OK;58.7;2016-01-05 09:00:00 UTC
25858;13;Super-X Monster Truck;OK;59.4;2016-01-05 09:00:00 UTC
25857;14;Super-X Monster Truck;OK;6.4;2016-01-05 09:00:00 UTC
25856;15;Super-X Monster Truck;OK;8.5;2016-01-05 09:00:00 UTC
25855;16;Super-X Monster Truck;OK;44.0;2016-01-05 09:00:00 UTC
25854;17;Super-X Monster Truck;OK;12.0;2016-01-05 09:00:00 UTC
25853;18;Super-X Monster Truck;Problematic;92.6;2016-01-05 09:00:00 UTC
25852;19;Super-X Monster Truck;OK;51.7;2016-01-05 09:00:00 UTC
25851;20;Super-X Monster Truck;OK;12.9;2016-01-05 09:00:00 UTC
25850;21;Super-X Monster Truck;OK;7.4;2016-01-05 09:00:00 UTC
25849;22;Super-X Monster Truck;OK;41.2;2016-01-05 09:00:00 UTC
25848;23;Super-X Monster Truck;OK;9.6;2016-01-05 09:00:00 UTC
25847;24;Super-X Monster Truck;OK;41.2;2016-01-05 09:00:00 UTC
25846;25;Super-X Monster Truck;OK;40.0;2016-01-05 09:00:00 UTC
25845;26;Super-X Monster Truck;OK;26.7;2016-01-05 09:00:00 UTC
25844;27;Super-X Monster Truck;OK;7.5;2016-01-05 09:00:00 UTC
25843;28;Super-X Monster Truck;OK;33.3;2016-01-05 09:00:00 UTC
25842;29;Super-X Monster Truck;OK;8.1;2016-01-05 09:00:00 UTC
25841;30;Super-X Monster Truck;OK;59.0;2016-01-05 09:00:00 UTC
25840;31;Super-X Monster Truck;OK;62.5;2016-01-05 09:00:00 UTC
25839;32;Super-X Buggy Champ;OK;58.8;2016-01-05 09:00:00 UTC
25838;33;Super-X Buggy Champ;OK;15.0;2016-01-05 09:00:00 UTC
25837;34;Super-X Buggy Champ;OK;54.4;2016-01-05 09:00:00 UTC
25836;35;Super-X Buggy Champ;Problematic;92.2;2016-01-05 09:00:00 UTC
25835;36;Super-X Buggy Champ;OK;25.4;2016-01-05 09:00:00 UTC
25834;37;Super-X Buggy Champ;OK;63.7;2016-01-05 09:00:00 UTC
25833;38;Super-X Buggy Champ;OK;57.3;2016-01-05 09:00:00 UTC
25832;39;Super-X Buggy Champ;OK;47.1;2016-01-05 09:00:00 UTC
25831;40;Super-X Buggy Champ;OK;10.0;2016-01-05 09:00:00 UTC
25830;41;Super-X Buggy Champ;OK;8.9;2016-01-05 09:00:00 UTC
25829;42;Super-X Buggy Champ;OK;31.6;2016-01-05 09:00:00 UTC
25828;43;Super-X Buggy Champ;OK;12.9;2016-01-05 09:00:00 UTC
25827;44;Super-X Buggy Champ;OK;34.8;2016-01-05 09:00:00 UTC
25826;45;Super-X Buggy Champ;OK;35.5;2016-01-05 09:00:00 UTC
25825;46;Super-X Buggy Champ;OK;55.6;2016-01-05 09:00:00 UTC
25824;47;Super-X Buggy Champ;OK;50.8;2016-01-05 09:00:00 UTC
25823;48;Super-X Buggy Champ;OK;58.8;2016-01-05 09:00:00 UTC
25822;49;Super-X Buggy Champ;OK;20.7;2016-01-05 09:00:00 UTC
25821;50;Super-X Buggy Champ;OK;38.1;2016-01-05 09:00:00 UTC
25917;4;Super-X Offroad Car;OK;23.3;2016-01-06 09:00:00 UTC
25916;5;Super-X Offroad Car;OK;18.8;2016-01-06 09:00:00 UTC
25915;6;Super-X Offroad Car;OK;38.2;2016-01-06 09:00:00 UTC
25914;7;Super-X Offroad Car;OK;50.0;2016-01-06 09:00:00 UTC
25913;8;Super-X Offroad Car;OK;34.4;2016-01-06 09:00:00 UTC
25912;9;Super-X Offroad Car;OK;30.0;2016-01-06 09:00:00 UTC
25911;10;Super-X BIPM Expert Racer;OK;31.0;2016-01-06 09:00:00 UTC
25910;11;Super-X BIPM Expert Racer;OK;11.2;2016-01-06 09:00:00 UTC
25909;12;Super-X BIPM Expert Racer;OK;28.6;2016-01-06 09:00:00 UTC
25908;13;Super-X BIPM Expert Racer;OK;56.2;2016-01-06 09:00:00 UTC
25907;14;Super-X BIPM Expert Racer;OK;28.4;2016-01-06 09:00:00 UTC
25906;15;Super-X BIPM Expert Racer;OK;53.4;2016-01-06 09:00:00 UTC
25905;16;Super-X BIPM Expert Racer;OK;64.6;2016-01-06 09:00:00 UTC
25904;17;Super-X BIPM Expert Racer;OK;5.5;2016-01-06 09:00:00 UTC
25903;18;Super-X BIPM Expert Racer;OK;8.4;2016-01-06 09:00:00 UTC
25902;19;Super-X BIPM Expert Racer;OK;26.4;2016-01-06 09:00:00 UTC
25901;20;Super-X BIPM Expert Racer;OK;39.4;2016-01-06 09:00:00 UTC
25900;21;Super-X BIPM Expert Racer;OK;27.2;2016-01-06 09:00:00 UTC
25899;22;Super-X BIPM Expert Racer;OK;28.5;2016-01-06 09:00:00 UTC
25898;23;Super-X BIPM Expert Racer;OK;22.4;2016-01-06 09:00:00 UTC
25897;24;Super-X Booster Beast;Problematic;81.2;2016-01-06 09:00:00 UTC
25896;25;Super-X Booster Beast;OK;59.4;2016-01-06 09:00:00 UTC
25895;26;Super-X Booster Beast;OK;38.3;2016-01-06 09:00:00 UTC
25894;27;Super-X Booster Beast;OK;43.2;2016-01-06 09:00:00 UTC
25893;28;Super-X Booster Beast;OK;26.9;2016-01-06 09:00:00 UTC
25892;29;Super-X Booster Beast;Problematic;66.6;2016-01-06 09:00:00 UTC
25891;30;Super-X Booster Beast;OK;32.3;2016-01-06 09:00:00 UTC
25890;31;Super-X Booster Beast;OK;7.7;2016-01-06 09:00:00 UTC
25889;32;Super-X Booster Beast;OK;38.4;2016-01-06 09:00:00 UTC
25888;33;Super-X Booster Beast;OK;59.2;2016-01-06 09:00:00 UTC
25887;34;Super-X Booster Beast;OK;30.0;2016-01-06 09:00:00 UTC
25886;35;Super-X Booster Beast;OK;41.9;2016-01-06 09:00:00 UTC
25885;36;Super-X Booster Beast;OK;38.4;2016-01-06 09:00:00 UTC
25884;37;Super-X Booster Beast;Problematic;65.8;2016-01-06 09:00:00 UTC
25883;38;Super-X Booster Beast;OK;50.6;2016-01-06 09:00:00 UTC
25882;39;Super-X Booster Beast;OK;33.1;2016-01-06 09:00:00 UTC
25881;40;Super-X Booster Beast;OK;55.7;2016-01-06 09:00:00 UTC
25880;41;Super-X Booster Beast;OK;32.0;2016-01-06 09:00:00 UTC
25879;42;Super-X Booster Beast;OK;10.5;2016-01-06 09:00:00 UTC
25878;43;Super-X Booster Beast;OK;24.9;2016-01-06 09:00:00 UTC
25877;44;Super-X Booster Beast;Problematic;62.4;2016-01-06 09:00:00 UTC
25876;45;Super-X Booster Beast;OK;51.1;2016-01-06 09:00:00 UTC
25875;46;Super-X Booster Beast;OK;12.3;2016-01-06 09:00:00 UTC
25874;47;Super-X Booster Beast;OK;27.5;2016-01-06 09:00:00 UTC
25873;48;Super-X Booster Beast;OK;19.3;2016-01-06 09:00:00 UTC
25872;49;Super-X Booster Beast;OK;45.1;2016-01-06 09:00:00 UTC
25871;50;Super-X Booster Beast;OK;38.6;2016-01-06 09:00:00 UTC
25918;50;Super-X BIPM Expert Racer;OK;55.0;2016-01-07 09:00:00 UTC
26018;1;Drive Unit 12V;OK;19.4;2016-01-26 14:26:33 UTC
26017;2;Drive Unit 12V;OK;9.4;2016-01-26 14:26:33 UTC
26016;3;Drive Unit 12V;OK;14.0;2016-01-26 14:26:33 UTC
26015;4;Drive Unit 12V;OK;21.6;2016-01-26 14:26:33 UTC
26014;5;Drive Unit 12V;Problematic;57.6;2016-01-26 14:26:33 UTC
26013;6;Drive Unit 12V;OK;55.9;2016-01-26 14:26:33 UTC
26012;7;Drive Unit 12V;OK;31.0;2016-01-26 14:26:33 UTC
26011;8;Drive Unit 12V;OK;42.2;2016-01-26 14:26:33 UTC
26010;9;Drive Unit 12V;OK;33.4;2016-01-26 14:26:33 UTC
26009;10;Drive Unit 12V;OK;54.6;2016-01-26 14:26:33 UTC
26008;11;Drive Unit 12V;OK;50.0;2016-01-26 14:26:33 UTC
26007;12;Drive Unit 12V;OK;18.8;2016-01-26 14:26:33 UTC
26006;13;Drive Unit 12V;OK;43.6;2016-01-26 14:26:33 UTC
26005;14;Drive Unit 12V;OK;58.3;2016-01-26 14:26:33 UTC
26004;15;Drive Unit 12V;OK;47.1;2016-01-26 14:26:33 UTC
26003;16;Drive Unit 12V;OK;8.9;2016-01-26 14:26:33 UTC
26002;17;Drive Unit 12V;OK;16.0;2016-01-26 14:26:33 UTC
26001;18;Drive Unit 12V;OK;48.9;2016-01-26 14:26:33 UTC
26000;19;Drive Unit 12V;OK;62.4;2016-01-26 14:26:33 UTC
25999;20;Drive Unit 12V;OK;22.4;2016-01-26 14:26:33 UTC
25998;21;Drive Unit 12V;OK;30.7;2016-01-26 14:26:33 UTC
25997;22;Drive Unit 12V;OK;25.5;2016-01-26 14:26:33 UTC
25996;23;Drive Unit 12V;OK;57.3;2016-01-26 14:26:33 UTC
25995;24;Drive Unit 12V;OK;59.5;2016-01-26 14:26:33 UTC
25994;25;Drive Unit 12V;Problematic;82.8;2016-01-26 14:26:33 UTC
25993;26;Drive Unit 12V;OK;58.8;2016-01-26 14:26:33 UTC
25992;27;Drive Unit 12V;OK;56.8;2016-01-26 14:26:33 UTC
25991;28;Drive Unit 12V;OK;49.9;2016-01-26 14:26:33 UTC
25990;29;Drive Unit 12V;OK;18.1;2016-01-26 14:26:33 UTC
25989;30;Drive Unit 12V;OK;61.7;2016-01-26 14:26:33 UTC
25988;31;Drive Unit 12V;OK;16.3;2016-01-26 14:26:33 UTC
25987;32;Drive Unit 12V;Problematic;86.2;2016-01-26 14:26:33 UTC
25986;33;Drive Unit 12V;OK;17.2;2016-01-26 14:26:33 UTC
25985;34;Drive Unit 12V;OK;48.2;2016-01-26 14:26:33 UTC
25984;35;Drive Unit 12V;OK;53.9;2016-01-26 14:26:33 UTC
25983;36;Drive Unit 12V;OK;62.9;2016-01-26 14:26:33 UTC
25982;37;Drive Unit 12V;OK;7.5;2016-01-26 14:26:33 UTC
25981;38;Drive Unit 12V;OK;24.4;2016-01-26 14:26:33 UTC
25980;39;Drive Unit 12V;OK;40.4;2016-01-26 14:26:33 UTC
25979;40;Drive Unit 12V;OK;20.2;2016-01-26 14:26:33 UTC
25978;41;Drive Unit 12V;OK;28.2;2016-01-26 14:26:33 UTC
25977;42;Drive Unit 12V;OK;24.7;2016-01-26 14:26:33 UTC
25976;43;Drive Unit 12V;OK;39.6;2016-01-26 14:26:33 UTC
25975;44;Drive Unit 12V;OK;36.0;2016-01-26 14:26:33 UTC
25974;45;Drive Unit 12V;OK;22.9;2016-01-26 14:26:33 UTC
25973;46;Drive Unit 12V;OK;27.3;2016-01-26 14:26:33 UTC
25972;47;Drive Unit 12V;OK;8.8;2016-01-26 14:26:33 UTC
25971;48;Drive Unit 12V;OK;62.8;2016-01-26 14:26:33 UTC
25970;49;Drive Unit 12V;OK;52.3;2016-01-26 14:26:33 UTC
25969;50;Drive Unit 12V;OK;10.8;2016-01-26 14:26:33 UTC
25968;101;Side Panel;OK;7.8;2016-01-26 14:26:33 UTC
25967;102;Side Panel;OK;61.6;2016-01-26 14:26:33 UTC
25966;103;Side Panel;OK;32.1;2016-01-26 14:26:33 UTC
25965;104;Side Panel;OK;48.3;2016-01-26 14:26:33 UTC
25964;105;Side Panel;OK;26.0;2016-01-26 14:26:33 UTC
25963;106;Side Panel;Problematic;131.2;2016-01-26 14:26:33 UTC
25962;107;Side Panel;OK;8.4;2016-01-26 14:26:33 UTC
25961;108;Side Panel;OK;6.4;2016-01-26 14:26:33 UTC
25960;109;Side Panel;OK;26.0;2016-01-26 14:26:33 UTC
25959;110;Side Panel;OK;25.9;2016-01-26 14:26:33 UTC
25958;111;Side Panel;OK;25.4;2016-01-26 14:26:33 UTC
25957;112;Side Panel;OK;60.4;2016-01-26 14:26:33 UTC
25956;113;Side Panel;OK;7.5;2016-01-26 14:26:33 UTC
25955;114;Side Panel;OK;6.3;2016-01-26 14:26:33 UTC
25954;115;Side Panel;OK;32.4;2016-01-26 14:26:33 UTC
25953;116;Side Panel;OK;19.4;2016-01-26 14:26:33 UTC
25952;117;Side Panel;OK;16.0;2016-01-26 14:26:33 UTC
25951;118;Side Panel;OK;12.0;2016-01-26 14:26:33 UTC
25950;119;Side Panel;OK;31.2;2016-01-26 14:26:33 UTC
25949;120;Side Panel;OK;59.8;2016-01-26 14:26:33 UTC
25948;121;Side Panel;OK;43.4;2016-01-26 14:26:33 UTC
25947;122;Side Panel;OK;43.9;2016-01-26 14:26:33 UTC
25946;123;Side Panel;OK;29.4;2016-01-26 14:26:33 UTC
25945;124;Side Panel;OK;27.7;2016-01-26 14:26:33 UTC
25944;125;Side Panel;Problematic;72.4;2016-01-26 14:26:33 UTC
25943;126;Side Panel;OK;58.1;2016-01-26 14:26:33 UTC
25942;127;Side Panel;OK;29.2;2016-01-26 14:26:33 UTC
25941;128;Side Panel;OK;64.2;2016-01-26 14:26:33 UTC
25940;129;Side Panel;OK;15.6;2016-01-26 14:26:33 UTC
25939;130;Side Panel;OK;63.4;2016-01-26 14:26:33 UTC
25938;131;Side Panel;OK;48.4;2016-01-26 14:26:33 UTC
25937;132;Roof;OK;41.6;2016-01-26 14:26:33 UTC
25936;133;Roof;OK;58.8;2016-01-26 14:26:33 UTC
25935;134;Roof;OK;45.5;2016-01-26 14:26:33 UTC
25934;135;Roof;OK;12.9;2016-01-26 14:26:33 UTC
25933;136;Roof;OK;55.1;2016-01-26 14:26:33 UTC
25932;137;Roof;OK;14.9;2016-01-26 14:26:33 UTC
25931;138;Roof;OK;56.7;2016-01-26 14:26:33 UTC
25930;139;Roof;OK;45.3;2016-01-26 14:26:33 UTC
25929;140;Roof;OK;42.4;2016-01-26 14:26:33 UTC
25928;141;Roof;Problematic;22.0;2016-01-26 14:26:33 UTC
25927;142;Roof;Problematic;32.2;2016-01-26 14:26:33 UTC
25926;143;Roof;OK;33.5;2016-01-26 14:26:33 UTC
25925;144;Roof;OK;56.7;2016-01-26 14:26:33 UTC
25924;145;Roof;Problematic;88.6;2016-01-26 14:26:33 UTC
25923;146;Roof;OK;41.9;2016-01-26 14:26:33 UTC
25922;147;Roof;OK;33.6;2016-01-26 14:26:33 UTC
25921;148;Roof;OK;41.0;2016-01-26 14:26:33 UTC
25920;149;Roof;OK;26.0;2016-01-26 14:26:33 UTC
25919;150;Roof;Problematic;47.6;2016-01-26 14:26:33 UTC
26094;1;R/C Drive Unit 12V;OK;15.2;2016-01-27 09:00:00 UTC
26093;2;R/C Drive Unit 12V;OK;30.2;2016-01-27 09:00:00 UTC
26092;3;R/C Drive Unit 12V;OK;7.7;2016-01-27 09:00:00 UTC
26091;4;R/C Drive Unit 12V;OK;31.9;2016-01-27 09:00:00 UTC
26090;5;R/C Drive Unit 12V;Problematic;40.2;2016-01-27 09:00:00 UTC
26089;6;R/C Drive Unit 12V;OK;50.5;2016-01-27 09:00:00 UTC
26088;7;R/C Drive Unit 12V;Problematic;130.0;2016-01-27 09:00:00 UTC
26087;8;R/C Drive Unit 12V;OK;53.1;2016-01-27 09:00:00 UTC
26086;9;R/C Drive Unit 12V;OK;44.6;2016-01-27 09:00:00 UTC
26085;10;R/C Drive Unit 12V;OK;46.2;2016-01-27 09:00:00 UTC
26084;11;R/C Drive Unit 12V;OK;13.3;2016-01-27 09:00:00 UTC
26083;12;R/C Drive Unit 12V;OK;12.6;2016-01-27 09:00:00 UTC
26082;13;R/C Drive Unit 12V;OK;33.2;2016-01-27 09:00:00 UTC
26081;14;R/C Drive Unit 12V;OK;59.8;2016-01-27 09:00:00 UTC
26080;15;R/C Drive Unit 12V;OK;19.5;2016-01-27 09:00:00 UTC
26079;16;R/C Drive Unit 12V;OK;57.9;2016-01-27 09:00:00 UTC
26078;17;R/C Drive Unit 12V;OK;50.0;2016-01-27 09:00:00 UTC
26077;18;R/C Drive Unit 12V;OK;56.9;2016-01-27 09:00:00 UTC
26076;19;R/C Drive Unit 12V;OK;11.6;2016-01-27 09:00:00 UTC
26075;20;R/C Drive Unit 12V;OK;56.7;2016-01-27 09:00:00 UTC
26074;21;R/C Drive Unit 12V;OK;50.6;2016-01-27 09:00:00 UTC
26073;22;R/C Drive Unit 12V;Problematic;90.4;2016-01-27 09:00:00 UTC
26072;23;R/C Drive Unit 12V;OK;54.8;2016-01-27 09:00:00 UTC
26071;24;R/C Drive Unit 12V;OK;21.0;2016-01-27 09:00:00 UTC
26070;25;R/C Drive Unit 12V;OK;5.8;2016-01-27 09:00:00 UTC
26069;26;R/C Drive Unit 12V;OK;55.1;2016-01-27 09:00:00 UTC
26068;27;R/C Drive Unit 12V;OK;39.7;2016-01-27 09:00:00 UTC
26067;28;R/C Drive Unit 12V;OK;56.1;2016-01-27 09:00:00 UTC
26066;29;R/C Drive Unit 12V;OK;12.3;2016-01-27 09:00:00 UTC
26065;30;R/C Drive Unit 12V;OK;56.5;2016-01-27 09:00:00 UTC
26064;31;R/C Drive Unit 12V;OK;55.2;2016-01-27 09:00:00 UTC
26063;32;R/C Drive Unit 12V;OK;23.4;2016-01-27 09:00:00 UTC
26062;33;R/C Drive Unit 12V;OK;60.2;2016-01-27 09:00:00 UTC
26061;34;R/C Drive Unit 12V;OK;12.4;2016-01-27 09:00:00 UTC
26060;35;R/C Drive Unit 12V;OK;57.9;2016-01-27 09:00:00 UTC
26059;36;R/C Drive Unit 12V;OK;63.0;2016-01-27 09:00:00 UTC
26058;37;R/C Drive Unit 12V;OK;49.8;2016-01-27 09:00:00 UTC
26057;38;R/C Drive Unit 12V;OK;51.0;2016-01-27 09:00:00 UTC
26056;39;R/C Drive Unit 12V;OK;16.4;2016-01-27 09:00:00 UTC
26055;40;R/C Drive Unit 12V;OK;42.5;2016-01-27 09:00:00 UTC
26054;41;R/C Drive Unit 12V;OK;21.9;2016-01-27 09:00:00 UTC
26053;42;R/C Drive Unit 12V;OK;10.3;2016-01-27 09:00:00 UTC
26052;43;R/C Drive Unit 12V;Problematic;54.6;2016-01-27 09:00:00 UTC
26051;44;Drive Unit 12V;OK;31.5;2016-01-27 09:00:00 UTC
26050;45;Drive Unit 12V;OK;15.2;2016-01-27 09:00:00 UTC
26049;46;Drive Unit 12V;OK;50.3;2016-01-27 09:00:00 UTC
26048;47;Drive Unit 12V;OK;41.4;2016-01-27 09:00:00 UTC
26047;48;Drive Unit 12V;OK;27.1;2016-01-27 09:00:00 UTC
26046;49;Drive Unit 12V;OK;39.9;2016-01-27 09:00:00 UTC
26045;50;Drive Unit 12V;OK;24.5;2016-01-27 09:00:00 UTC
26044;125;Underbody;OK;11.3;2016-01-27 09:00:00 UTC
26043;126;Underbody;OK;61.5;2016-01-27 09:00:00 UTC
26042;127;Underbody;OK;8.7;2016-01-27 09:00:00 UTC
26041;128;Underbody;OK;32.6;2016-01-27 09:00:00 UTC
26040;129;Underbody;OK;11.0;2016-01-27 09:00:00 UTC
26039;130;Underbody;OK;14.5;2016-01-27 09:00:00 UTC
26038;131;Underbody;Problematic;33.8;2016-01-27 09:00:00 UTC
26037;132;Underbody;OK;48.4;2016-01-27 09:00:00 UTC
26036;133;Underbody;OK;41.0;2016-01-27 09:00:00 UTC
26035;134;Underbody;OK;47.3;2016-01-27 09:00:00 UTC
26034;135;Underbody;Problematic;67.2;2016-01-27 09:00:00 UTC
26033;136;Underbody;OK;46.2;2016-01-27 09:00:00 UTC
26032;137;Underbody;OK;43.3;2016-01-27 09:00:00 UTC
26031;138;Underbody;OK;44.5;2016-01-27 09:00:00 UTC
26030;139;Underbody;OK;30.9;2016-01-27 09:00:00 UTC
26029;140;Underbody;OK;47.0;2016-01-27 09:00:00 UTC
26028;141;Underbody;OK;25.7;2016-01-27 09:00:00 UTC
26027;142;Underbody;OK;36.6;2016-01-27 09:00:00 UTC
26026;143;Underbody;OK;64.1;2016-01-27 09:00:00 UTC
26025;144;Side Panel;OK;9.1;2016-01-27 09:00:00 UTC
26024;145;Side Panel;OK;60.5;2016-01-27 09:00:00 UTC
26023;146;Side Panel;OK;24.3;2016-01-27 09:00:00 UTC
26022;147;Side Panel;OK;41.5;2016-01-27 09:00:00 UTC
26021;148;Side Panel;OK;6.3;2016-01-27 09:00:00 UTC
26020;149;Side Panel;OK;38.0;2016-01-27 09:00:00 UTC
26019;150;Side Panel;OK;20.7;2016-01-27 09:00:00 UTC
26144;1;Autobody;OK;22.5;2016-01-28 09:00:00 UTC
26143;2;Autobody;OK;44.5;2016-01-28 09:00:00 UTC
26142;3;Autobody;OK;43.9;2016-01-28 09:00:00 UTC
26141;4;Autobody;OK;8.8;2016-01-28 09:00:00 UTC
26140;5;Autobody;Problematic;129.4;2016-01-28 09:00:00 UTC
26139;6;Autobody;OK;31.1;2016-01-28 09:00:00 UTC
26138;7;Autobody;OK;31.4;2016-01-28 09:00:00 UTC
26137;8;Autobody;OK;18.2;2016-01-28 09:00:00 UTC
26136;9;Autobody;OK;15.2;2016-01-28 09:00:00 UTC
26135;10;Autobody;OK;27.5;2016-01-28 09:00:00 UTC
26134;11;Autobody;OK;5.3;2016-01-28 09:00:00 UTC
26133;12;Autobody;OK;27.5;2016-01-28 09:00:00 UTC
26132;13;Autobody;OK;26.7;2016-01-28 09:00:00 UTC
26131;14;Autobody;OK;15.5;2016-01-28 09:00:00 UTC
26130;15;Autobody;OK;56.8;2016-01-28 09:00:00 UTC
26129;16;Autobody;OK;63.1;2016-01-28 09:00:00 UTC
26128;17;Autobody;OK;50.1;2016-01-28 09:00:00 UTC
26127;18;Autobody;OK;7.8;2016-01-28 09:00:00 UTC
26126;19;Autobody;OK;11.4;2016-01-28 09:00:00 UTC
26125;20;Autobody;OK;59.6;2016-01-28 09:00:00 UTC
26124;21;Autobody;OK;36.9;2016-01-28 09:00:00 UTC
26123;22;Autobody;Problematic;94.6;2016-01-28 09:00:00 UTC
26122;23;Autobody;OK;28.2;2016-01-28 09:00:00 UTC
26121;24;Autobody;OK;57.0;2016-01-28 09:00:00 UTC
26120;25;Autobody;OK;16.8;2016-01-28 09:00:00 UTC
26119;26;Autobody;OK;15.2;2016-01-28 09:00:00 UTC
26118;27;Autobody;OK;30.0;2016-01-28 09:00:00 UTC
26117;28;Autobody;OK;28.0;2016-01-28 09:00:00 UTC
26116;29;Autobody;OK;36.5;2016-01-28 09:00:00 UTC
26115;30;Autobody;OK;48.6;2016-01-28 09:00:00 UTC
26114;31;Autobody;OK;36.4;2016-01-28 09:00:00 UTC
26113;32;Autobody;OK;26.9;2016-01-28 09:00:00 UTC
26112;33;Autobody;OK;60.2;2016-01-28 09:00:00 UTC
26111;34;Autobody;OK;55.3;2016-01-28 09:00:00 UTC
26110;35;Autobody;OK;62.5;2016-01-28 09:00:00 UTC
26109;36;Autobody;OK;16.3;2016-01-28 09:00:00 UTC
26108;37;Autobody;OK;39.9;2016-01-28 09:00:00 UTC
26107;38;Autobody;OK;5.3;2016-01-28 09:00:00 UTC
26106;39;Autobody;OK;35.3;2016-01-28 09:00:00 UTC
26105;40;Autobody;OK;49.8;2016-01-28 09:00:00 UTC
26104;41;Autobody;OK;53.4;2016-01-28 09:00:00 UTC
26103;42;Autobody;OK;32.9;2016-01-28 09:00:00 UTC
26102;43;Autobody;Problematic;59.0;2016-01-28 09:00:00 UTC
26101;44;Autobody;OK;7.4;2016-01-28 09:00:00 UTC
26100;45;Autobody;OK;8.7;2016-01-28 09:00:00 UTC
26099;46;Autobody;Problematic;130.8;2016-01-28 09:00:00 UTC
26098;47;Autobody;OK;7.6;2016-01-28 09:00:00 UTC
26097;48;Autobody;OK;39.1;2016-01-28 09:00:00 UTC
26096;49;Autobody;OK;62.9;2016-01-28 09:00:00 UTC
26095;50;Autobody;OK;56.8;2016-01-28 09:00:00 UTC
26194;1;Booster Beast Autobody;OK;14.0;2016-01-29 09:00:00 UTC
26193;2;Booster Beast Autobody;OK;18.9;2016-01-29 09:00:00 UTC
26192;3;Booster Beast Autobody;OK;42.7;2016-01-29 09:00:00 UTC
26191;4;Booster Beast Autobody;OK;18.4;2016-01-29 09:00:00 UTC
26190;5;Booster Beast Autobody;OK;30.6;2016-01-29 09:00:00 UTC
26189;6;Booster Beast Autobody;OK;61.4;2016-01-29 09:00:00 UTC
26188;7;Booster Beast Autobody;OK;47.6;2016-01-29 09:00:00 UTC
26187;8;Booster Beast Autobody;Problematic;78.8;2016-01-29 09:00:00 UTC
26186;9;Booster Beast Autobody;OK;52.8;2016-01-29 09:00:00 UTC
26185;10;Booster Beast Autobody;OK;37.1;2016-01-29 09:00:00 UTC
26184;11;Booster Beast Autobody;OK;49.8;2016-01-29 09:00:00 UTC
26183;12;Monster Truck Autobody;OK;21.2;2016-01-29 09:00:00 UTC
26182;13;Monster Truck Autobody;OK;55.5;2016-01-29 09:00:00 UTC
26181;14;Monster Truck Autobody;OK;24.7;2016-01-29 09:00:00 UTC
26180;15;Monster Truck Autobody;OK;61.9;2016-01-29 09:00:00 UTC
26179;16;Monster Truck Autobody;OK;35.7;2016-01-29 09:00:00 UTC
26178;17;Monster Truck Autobody;OK;17.5;2016-01-29 09:00:00 UTC
26177;18;Buggy Champ Autobody;OK;35.5;2016-01-29 09:00:00 UTC
26176;19;Buggy Champ Autobody;OK;46.3;2016-01-29 09:00:00 UTC
26175;20;Buggy Champ Autobody;OK;8.3;2016-01-29 09:00:00 UTC
26174;21;Buggy Champ Autobody;OK;33.7;2016-01-29 09:00:00 UTC
26173;22;Buggy Champ Autobody;OK;50.0;2016-01-29 09:00:00 UTC
26172;23;Buggy Champ Autobody;Problematic;123.0;2016-01-29 09:00:00 UTC
26171;24;Buggy Champ Autobody;OK;33.6;2016-01-29 09:00:00 UTC
26170;25;Buggy Champ Autobody;Problematic;89.4;2016-01-29 09:00:00 UTC
26169;26;Buggy Champ Autobody;OK;6.9;2016-01-29 09:00:00 UTC
26168;27;Buggy Champ Autobody;Problematic;63.4;2016-01-29 09:00:00 UTC
26167;28;Buggy Champ Autobody;OK;50.9;2016-01-29 09:00:00 UTC
26166;29;Buggy Champ Autobody;OK;55.6;2016-01-29 09:00:00 UTC
26165;30;R/C Drive Unit 12V;OK;11.8;2016-01-29 09:00:00 UTC
26164;31;R/C Drive Unit 12V;Problematic;73.6;2016-01-29 09:00:00 UTC
26163;32;R/C Drive Unit 12V;OK;60.8;2016-01-29 09:00:00 UTC
26162;33;R/C Drive Unit 12V;OK;45.3;2016-01-29 09:00:00 UTC
26161;34;R/C Drive Unit 12V;OK;46.6;2016-01-29 09:00:00 UTC
26160;35;R/C Drive Unit 12V;OK;15.1;2016-01-29 09:00:00 UTC
26159;36;R/C Drive Unit 12V;OK;47.3;2016-01-29 09:00:00 UTC
26158;37;R/C Drive Unit 12V;OK;32.7;2016-01-29 09:00:00 UTC
26157;38;R/C Drive Unit 12V;OK;59.8;2016-01-29 09:00:00 UTC
26156;39;R/C Drive Unit 12V;OK;58.1;2016-01-29 09:00:00 UTC
26155;40;R/C Drive Unit 12V;OK;59.7;2016-01-29 09:00:00 UTC
26154;41;R/C Drive Unit 12V;OK;25.0;2016-01-29 09:00:00 UTC
26153;42;R/C Drive Unit 12V;OK;53.1;2016-01-29 09:00:00 UTC
26152;43;R/C Drive Unit 12V;OK;45.5;2016-01-29 09:00:00 UTC
26151;44;Autobody;OK;30.3;2016-01-29 09:00:00 UTC
26150;45;Autobody;OK;10.5;2016-01-29 09:00:00 UTC
26149;46;Autobody;OK;52.6;2016-01-29 09:00:00 UTC
26148;47;Autobody;OK;37.2;2016-01-29 09:00:00 UTC
26147;48;Autobody;OK;60.3;2016-01-29 09:00:00 UTC
26146;49;Autobody;OK;5.7;2016-01-29 09:00:00 UTC
26145;50;Autobody;OK;29.7;2016-01-29 09:00:00 UTC
26244;1;Super-X Booster Beast;OK;6.3;2016-02-01 09:00:00 UTC
26243;2;Super-X Booster Beast;OK;29.2;2016-02-01 09:00:00 UTC
26242;3;Super-X Booster Beast;OK;25.6;2016-02-01 09:00:00 UTC
26241;4;Super-X Booster Beast;OK;53.6;2016-02-01 09:00:00 UTC
26240;5;Super-X Booster Beast;OK;48.4;2016-02-01 09:00:00 UTC
26239;6;Super-X Booster Beast;OK;20.2;2016-02-01 09:00:00 UTC
26238;7;Super-X Booster Beast;OK;21.2;2016-02-01 09:00:00 UTC
26237;8;Super-X Monster Truck;Problematic;84.4;2016-02-01 09:00:00 UTC
26236;9;Super-X Monster Truck;OK;35.6;2016-02-01 09:00:00 UTC
26235;10;Super-X Monster Truck;OK;7.2;2016-02-01 09:00:00 UTC
26234;11;Super-X Monster Truck;OK;60.3;2016-02-01 09:00:00 UTC
26233;12;Super-X Monster Truck;OK;44.0;2016-02-01 09:00:00 UTC
26232;13;Super-X Monster Truck;OK;54.4;2016-02-01 09:00:00 UTC
26231;14;Super-X Monster Truck;OK;43.4;2016-02-01 09:00:00 UTC
26230;15;Super-X Monster Truck;OK;25.3;2016-02-01 09:00:00 UTC
26229;16;Super-X Monster Truck;OK;14.5;2016-02-01 09:00:00 UTC
26228;17;Super-X Monster Truck;OK;36.6;2016-02-01 09:00:00 UTC
26227;18;Super-X Monster Truck;OK;29.3;2016-02-01 09:00:00 UTC
26226;19;Super-X Buggy Champ;OK;47.8;2016-02-01 09:00:00 UTC
26225;20;Super-X Buggy Champ;OK;49.0;2016-02-01 09:00:00 UTC
26224;21;Super-X Buggy Champ;OK;27.5;2016-02-01 09:00:00 UTC
26223;22;Super-X Buggy Champ;OK;19.6;2016-02-01 09:00:00 UTC
26222;23;Super-X Buggy Champ;OK;5.9;2016-02-01 09:00:00 UTC
26221;24;Super-X Buggy Champ;OK;30.4;2016-02-01 09:00:00 UTC
26220;25;Super-X Buggy Champ;OK;54.0;2016-02-01 09:00:00 UTC
26219;26;Super-X Buggy Champ;OK;45.8;2016-02-01 09:00:00 UTC
26218;27;Super-X Buggy Champ;OK;24.6;2016-02-01 09:00:00 UTC
26217;28;Super-X Buggy Champ;OK;33.1;2016-02-01 09:00:00 UTC
26216;29;Super-X Buggy Champ;OK;43.6;2016-02-01 09:00:00 UTC
26215;30;Super-X Buggy Champ;OK;15.5;2016-02-01 09:00:00 UTC
26214;31;Super-X Buggy Champ;OK;32.4;2016-02-01 09:00:00 UTC
26213;32;Super-X Buggy Champ;OK;18.5;2016-02-01 09:00:00 UTC
26212;33;Super-X Buggy Champ;OK;31.6;2016-02-01 09:00:00 UTC
26211;34;Super-X Buggy Champ;OK;56.9;2016-02-01 09:00:00 UTC
26210;35;Super-X Buggy Champ;OK;31.0;2016-02-01 09:00:00 UTC
26209;36;Super-X Buggy Champ;OK;16.0;2016-02-01 09:00:00 UTC
26208;37;Super-X Buggy Champ;OK;42.7;2016-02-01 09:00:00 UTC
26207;38;Super-X Buggy Champ;OK;14.3;2016-02-01 09:00:00 UTC
26206;39;Super-X Buggy Champ;OK;21.3;2016-02-01 09:00:00 UTC
26205;40;Super-X Buggy Champ;OK;29.9;2016-02-01 09:00:00 UTC
26204;41;Super-X Buggy Champ;OK;47.4;2016-02-01 09:00:00 UTC
26203;42;Offroad Autobody;OK;36.0;2016-02-01 09:00:00 UTC
26202;43;BIPM Experts Autobody;OK;36.0;2016-02-01 09:00:00 UTC
26201;44;BIPM Experts Autobody;OK;51.9;2016-02-01 09:00:00 UTC
26200;45;BIPM Experts Autobody;OK;36.0;2016-02-01 09:00:00 UTC
26199;46;BIPM Experts Autobody;Problematic;55.2;2016-02-01 09:00:00 UTC
26198;47;Booster Beast Autobody;OK;6.9;2016-02-01 09:00:00 UTC
26197;48;Booster Beast Autobody;OK;54.7;2016-02-01 09:00:00 UTC
26196;49;Booster Beast Autobody;OK;14.2;2016-02-01 09:00:00 UTC
26195;50;Booster Beast Autobody;OK;53.0;2016-02-01 09:00:00 UTC
26270;25;Super-X Offroad Car;OK;13.0;2016-02-02 09:00:00 UTC
26269;26;Super-X Offroad Car;OK;34.1;2016-02-02 09:00:00 UTC
26268;27;Super-X BIPM Expert Racer;OK;59.3;2016-02-02 09:00:00 UTC
26267;28;Super-X BIPM Expert Racer;OK;20.4;2016-02-02 09:00:00 UTC
26266;29;Super-X BIPM Expert Racer;OK;57.4;2016-02-02 09:00:00 UTC
26265;30;Super-X BIPM Expert Racer;Problematic;21.4;2016-02-02 09:00:00 UTC
26264;31;Super-X BIPM Expert Racer;OK;31.6;2016-02-02 09:00:00 UTC
26263;32;Super-X BIPM Expert Racer;Problematic;133.2;2016-02-02 09:00:00 UTC
26262;33;Super-X BIPM Expert Racer;OK;14.1;2016-02-02 09:00:00 UTC
26261;34;Super-X BIPM Expert Racer;OK;45.1;2016-02-02 09:00:00 UTC
26260;35;Super-X BIPM Expert Racer;OK;13.7;2016-02-02 09:00:00 UTC
26259;36;Super-X Booster Beast;OK;24.8;2016-02-02 09:00:00 UTC
26258;37;Super-X Booster Beast;OK;53.9;2016-02-02 09:00:00 UTC
26257;38;Super-X Booster Beast;OK;13.3;2016-02-02 09:00:00 UTC
26256;39;Super-X Booster Beast;Problematic;92.2;2016-02-02 09:00:00 UTC
26255;40;Super-X Booster Beast;OK;57.5;2016-02-02 09:00:00 UTC
26254;41;Super-X Booster Beast;OK;30.5;2016-02-02 09:00:00 UTC
26253;42;Super-X Booster Beast;OK;26.4;2016-02-02 09:00:00 UTC
26252;43;Super-X Booster Beast;OK;15.5;2016-02-02 09:00:00 UTC
26251;44;Super-X Booster Beast;OK;63.0;2016-02-02 09:00:00 UTC
26250;45;Super-X Booster Beast;OK;24.9;2016-02-02 09:00:00 UTC
26249;46;Super-X Booster Beast;OK;47.8;2016-02-02 09:00:00 UTC
26248;47;Super-X Booster Beast;OK;43.1;2016-02-02 09:00:00 UTC
26247;48;Super-X Booster Beast;OK;34.7;2016-02-02 09:00:00 UTC
26246;49;Super-X Booster Beast;OK;51.3;2016-02-02 09:00:00 UTC
26245;50;Super-X Booster Beast;OK;47.6;2016-02-02 09:00:00 UTC
26271;50;Super-X BIPM Expert Racer;OK;26.1;2016-02-03 09:00:00 UTC
26362;10;Drive Unit 12V;OK;47.2;2016-02-24 11:29:35 UTC
26361;11;Drive Unit 12V;OK;5.8;2016-02-24 11:29:35 UTC
26360;12;Drive Unit 12V;OK;50.2;2016-02-24 11:29:35 UTC
26359;13;Drive Unit 12V;OK;60.7;2016-02-24 11:29:35 UTC
26358;14;Drive Unit 12V;OK;16.6;2016-02-24 11:29:35 UTC
26357;15;Drive Unit 12V;OK;22.2;2016-02-24 11:29:35 UTC
26356;16;Drive Unit 12V;OK;32.2;2016-02-24 11:29:35 UTC
26355;17;Drive Unit 12V;OK;36.3;2016-02-24 11:29:35 UTC
26354;18;Drive Unit 12V;OK;57.6;2016-02-24 11:29:35 UTC
26353;19;Drive Unit 12V;OK;16.4;2016-02-24 11:29:35 UTC
26352;20;Drive Unit 12V;OK;49.1;2016-02-24 11:29:35 UTC
26351;21;Drive Unit 12V;OK;30.6;2016-02-24 11:29:35 UTC
26350;22;Drive Unit 12V;OK;16.1;2016-02-24 11:29:35 UTC
26349;23;Drive Unit 12V;OK;24.3;2016-02-24 11:29:35 UTC
26348;24;Drive Unit 12V;OK;34.4;2016-02-24 11:29:35 UTC
26347;25;Drive Unit 12V;OK;35.6;2016-02-24 11:29:35 UTC
26346;26;Drive Unit 12V;OK;35.9;2016-02-24 11:29:35 UTC
26345;27;Drive Unit 12V;OK;11.2;2016-02-24 11:29:35 UTC
26344;28;Drive Unit 12V;OK;56.1;2016-02-24 11:29:35 UTC
26343;29;Drive Unit 12V;Problematic;23.6;2016-02-24 11:29:35 UTC
26342;30;Drive Unit 12V;OK;30.0;2016-02-24 11:29:35 UTC
26341;31;Drive Unit 12V;Problematic;54.6;2016-02-24 11:29:35 UTC
26340;32;Drive Unit 12V;OK;7.0;2016-02-24 11:29:35 UTC
26339;33;Drive Unit 12V;OK;15.3;2016-02-24 11:29:35 UTC
26338;34;Drive Unit 12V;Problematic;131.6;2016-02-24 11:29:35 UTC
26337;35;Drive Unit 12V;OK;40.5;2016-02-24 11:29:35 UTC
26336;36;Drive Unit 12V;Problematic;26.6;2016-02-24 11:29:35 UTC
26335;37;Drive Unit 12V;OK;62.0;2016-02-24 11:29:35 UTC
26334;38;Drive Unit 12V;OK;35.8;2016-02-24 11:29:35 UTC
26333;39;Drive Unit 12V;OK;53.9;2016-02-24 11:29:35 UTC
26332;40;Drive Unit 12V;OK;58.5;2016-02-24 11:29:35 UTC
26331;41;Drive Unit 12V;OK;22.5;2016-02-24 11:29:35 UTC
26330;42;Drive Unit 12V;OK;16.6;2016-02-24 11:29:35 UTC
26329;43;Drive Unit 12V;OK;18.5;2016-02-24 11:29:35 UTC
26328;44;Drive Unit 12V;OK;49.1;2016-02-24 11:29:35 UTC
26327;45;Drive Unit 12V;OK;58.7;2016-02-24 11:29:35 UTC
26326;46;Drive Unit 12V;OK;17.3;2016-02-24 11:29:35 UTC
26325;47;Drive Unit 12V;OK;60.9;2016-02-24 11:29:35 UTC
26324;48;Drive Unit 12V;OK;28.9;2016-02-24 11:29:35 UTC
26323;49;Drive Unit 12V;OK;17.6;2016-02-24 11:29:35 UTC
26322;50;Drive Unit 12V;OK;25.0;2016-02-24 11:29:35 UTC
26321;101;Underbody;OK;12.6;2016-02-24 11:29:35 UTC
26320;102;Underbody;OK;17.9;2016-02-24 11:29:35 UTC
26319;103;Underbody;OK;41.5;2016-02-24 11:29:35 UTC
26318;104;Underbody;OK;13.4;2016-02-24 11:29:35 UTC
26317;105;Underbody;OK;55.7;2016-02-24 11:29:35 UTC
26316;106;Underbody;OK;52.1;2016-02-24 11:29:35 UTC
26315;107;Underbody;OK;5.4;2016-02-24 11:29:35 UTC
26314;108;Underbody;OK;34.0;2016-02-24 11:29:35 UTC
26313;109;Side Panel;OK;52.7;2016-02-24 11:29:35 UTC
26312;110;Side Panel;OK;43.1;2016-02-24 11:29:35 UTC
26311;111;Side Panel;OK;60.6;2016-02-24 11:29:35 UTC
26310;112;Side Panel;OK;20.7;2016-02-24 11:29:35 UTC
26309;113;Side Panel;OK;35.9;2016-02-24 11:29:35 UTC
26308;114;Side Panel;OK;41.4;2016-02-24 11:29:35 UTC
26307;115;Side Panel;OK;28.2;2016-02-24 11:29:35 UTC
26306;116;Side Panel;OK;22.3;2016-02-24 11:29:35 UTC
26305;117;Side Panel;OK;27.4;2016-02-24 11:29:35 UTC
26304;118;Side Panel;OK;15.0;2016-02-24 11:29:35 UTC
26303;119;Side Panel;OK;56.1;2016-02-24 11:29:35 UTC
26302;120;Side Panel;OK;45.8;2016-02-24 11:29:35 UTC
26301;121;Side Panel;OK;28.9;2016-02-24 11:29:35 UTC
26300;122;Side Panel;OK;44.3;2016-02-24 11:29:35 UTC
26299;123;Side Panel;OK;25.7;2016-02-24 11:29:35 UTC
26298;124;Side Panel;OK;58.6;2016-02-24 11:29:35 UTC
26297;125;Side Panel;OK;40.7;2016-02-24 11:29:35 UTC
26296;126;Side Panel;OK;43.6;2016-02-24 11:29:35 UTC
26295;127;Side Panel;OK;45.8;2016-02-24 11:29:35 UTC
26294;128;Side Panel;OK;21.9;2016-02-24 11:29:35 UTC
26293;129;Side Panel;Problematic;123.0;2016-02-24 11:29:35 UTC
26292;130;Side Panel;OK;8.7;2016-02-24 11:29:35 UTC
26291;131;Side Panel;OK;53.5;2016-02-24 11:29:35 UTC
26290;132;Side Panel;OK;7.4;2016-02-24 11:29:35 UTC
26289;133;Side Panel;OK;24.3;2016-02-24 11:29:35 UTC
26288;134;Side Panel;OK;64.1;2016-02-24 11:29:35 UTC
26287;135;Side Panel;OK;62.8;2016-02-24 11:29:35 UTC
26286;136;Side Panel;OK;24.0;2016-02-24 11:29:35 UTC
26285;137;Roof;Problematic;107.6;2016-02-24 11:29:35 UTC
26284;138;Roof;OK;25.5;2016-02-24 11:29:35 UTC
26283;139;Roof;OK;63.4;2016-02-24 11:29:35 UTC
26282;140;Roof;OK;38.5;2016-02-24 11:29:35 UTC
26281;141;Roof;OK;47.6;2016-02-24 11:29:35 UTC
26280;142;Roof;OK;56.4;2016-02-24 11:29:35 UTC
26279;143;Roof;Problematic;29.2;2016-02-24 11:29:35 UTC
26278;144;Roof;Problematic;101.8;2016-02-24 11:29:35 UTC
26277;145;Roof;OK;22.8;2016-02-24 11:29:35 UTC
26276;146;Roof;OK;11.5;2016-02-24 11:29:35 UTC
26275;147;Roof;OK;8.5;2016-02-24 11:29:35 UTC
26274;148;Roof;OK;43.6;2016-02-24 11:29:35 UTC
26273;149;Roof;OK;26.2;2016-02-24 11:29:35 UTC
26272;150;Roof;OK;13.9;2016-02-24 11:29:35 UTC
26418;1;R/C Drive Unit 12V;Problematic;98.4;2016-02-25 09:00:00 UTC
26417;2;R/C Drive Unit 12V;OK;9.2;2016-02-25 09:00:00 UTC
26416;3;R/C Drive Unit 12V;OK;42.1;2016-02-25 09:00:00 UTC
26415;4;R/C Drive Unit 12V;OK;55.4;2016-02-25 09:00:00 UTC
26414;5;R/C Drive Unit 12V;OK;51.6;2016-02-25 09:00:00 UTC
26413;6;R/C Drive Unit 12V;OK;17.8;2016-02-25 09:00:00 UTC
26412;7;R/C Drive Unit 12V;OK;16.2;2016-02-25 09:00:00 UTC
26411;8;R/C Drive Unit 12V;OK;24.3;2016-02-25 09:00:00 UTC
26410;9;R/C Drive Unit 12V;OK;20.6;2016-02-25 09:00:00 UTC
26409;10;R/C Drive Unit 12V;OK;60.9;2016-02-25 09:00:00 UTC
26408;11;R/C Drive Unit 12V;OK;49.5;2016-02-25 09:00:00 UTC
26407;12;R/C Drive Unit 12V;OK;7.8;2016-02-25 09:00:00 UTC
26406;13;R/C Drive Unit 12V;Problematic;138.0;2016-02-25 09:00:00 UTC
26405;14;R/C Drive Unit 12V;OK;11.5;2016-02-25 09:00:00 UTC
26404;15;R/C Drive Unit 12V;OK;38.9;2016-02-25 09:00:00 UTC
26403;16;R/C Drive Unit 12V;OK;48.6;2016-02-25 09:00:00 UTC
26402;17;R/C Drive Unit 12V;OK;43.7;2016-02-25 09:00:00 UTC
26401;18;R/C Drive Unit 12V;OK;21.7;2016-02-25 09:00:00 UTC
26400;19;R/C Drive Unit 12V;OK;6.1;2016-02-25 09:00:00 UTC
26399;20;R/C Drive Unit 12V;OK;59.9;2016-02-25 09:00:00 UTC
26398;21;R/C Drive Unit 12V;OK;48.5;2016-02-25 09:00:00 UTC
26397;22;R/C Drive Unit 12V;OK;18.3;2016-02-25 09:00:00 UTC
26396;23;R/C Drive Unit 12V;OK;62.2;2016-02-25 09:00:00 UTC
26395;24;R/C Drive Unit 12V;OK;32.4;2016-02-25 09:00:00 UTC
26394;25;R/C Drive Unit 12V;OK;9.1;2016-02-25 09:00:00 UTC
26393;26;R/C Drive Unit 12V;OK;54.2;2016-02-25 09:00:00 UTC
26392;27;Autobody;OK;14.9;2016-02-25 09:00:00 UTC
26391;28;Autobody;OK;58.5;2016-02-25 09:00:00 UTC
26390;29;Autobody;OK;32.4;2016-02-25 09:00:00 UTC
26389;30;Autobody;OK;62.0;2016-02-25 09:00:00 UTC
26388;31;Autobody;OK;57.8;2016-02-25 09:00:00 UTC
26387;32;Autobody;OK;31.3;2016-02-25 09:00:00 UTC
26386;33;Autobody;OK;25.2;2016-02-25 09:00:00 UTC
26385;34;Autobody;OK;16.5;2016-02-25 09:00:00 UTC
26384;35;Autobody;OK;36.0;2016-02-25 09:00:00 UTC
26383;36;Autobody;OK;16.0;2016-02-25 09:00:00 UTC
26382;37;Autobody;OK;17.3;2016-02-25 09:00:00 UTC
26381;38;Autobody;Problematic;67.4;2016-02-25 09:00:00 UTC
26380;39;Autobody;OK;35.2;2016-02-25 09:00:00 UTC
26379;40;Autobody;OK;62.9;2016-02-25 09:00:00 UTC
26378;41;Autobody;OK;39.1;2016-02-25 09:00:00 UTC
26377;42;Autobody;OK;32.9;2016-02-25 09:00:00 UTC
26376;43;Autobody;OK;45.2;2016-02-25 09:00:00 UTC
26375;44;Autobody;OK;16.2;2016-02-25 09:00:00 UTC
26374;45;Autobody;OK;21.0;2016-02-25 09:00:00 UTC
26373;46;Autobody;Problematic;42.2;2016-02-25 09:00:00 UTC
26372;47;Autobody;OK;30.2;2016-02-25 09:00:00 UTC
26371;48;Autobody;OK;59.2;2016-02-25 09:00:00 UTC
26370;49;Autobody;OK;21.7;2016-02-25 09:00:00 UTC
26369;50;Autobody;OK;39.3;2016-02-25 09:00:00 UTC
26368;145;Underbody;OK;48.2;2016-02-25 09:00:00 UTC
26367;146;Underbody;OK;61.0;2016-02-25 09:00:00 UTC
26366;147;Underbody;OK;39.1;2016-02-25 09:00:00 UTC
26365;148;Underbody;OK;19.4;2016-02-25 09:00:00 UTC
26364;149;Underbody;OK;28.0;2016-02-25 09:00:00 UTC
26363;150;Underbody;OK;48.3;2016-02-25 09:00:00 UTC
26466;3;Booster Beast Autobody;OK;38.2;2016-02-26 09:00:00 UTC
26465;4;Booster Beast Autobody;OK;43.6;2016-02-26 09:00:00 UTC
26464;5;Monster Truck Autobody;OK;49.3;2016-02-26 09:00:00 UTC
26463;6;Monster Truck Autobody;OK;24.9;2016-02-26 09:00:00 UTC
26462;7;Monster Truck Autobody;OK;60.3;2016-02-26 09:00:00 UTC
26461;8;Monster Truck Autobody;OK;58.9;2016-02-26 09:00:00 UTC
26460;9;Monster Truck Autobody;OK;29.1;2016-02-26 09:00:00 UTC
26459;10;Buggy Champ Autobody;OK;27.6;2016-02-26 09:00:00 UTC
26458;11;Buggy Champ Autobody;OK;13.1;2016-02-26 09:00:00 UTC
26457;12;Buggy Champ Autobody;OK;25.5;2016-02-26 09:00:00 UTC
26456;13;Buggy Champ Autobody;OK;44.8;2016-02-26 09:00:00 UTC
26455;14;Buggy Champ Autobody;OK;19.7;2016-02-26 09:00:00 UTC
26454;15;Buggy Champ Autobody;OK;34.5;2016-02-26 09:00:00 UTC
26453;16;Buggy Champ Autobody;OK;60.9;2016-02-26 09:00:00 UTC
26452;17;Buggy Champ Autobody;OK;62.9;2016-02-26 09:00:00 UTC
26451;18;Buggy Champ Autobody;OK;31.2;2016-02-26 09:00:00 UTC
26450;19;R/C Drive Unit 12V;OK;39.6;2016-02-26 09:00:00 UTC
26449;20;R/C Drive Unit 12V;OK;6.3;2016-02-26 09:00:00 UTC
26448;21;R/C Drive Unit 12V;OK;37.3;2016-02-26 09:00:00 UTC
26447;22;R/C Drive Unit 12V;OK;65.0;2016-02-26 09:00:00 UTC
26446;23;R/C Drive Unit 12V;OK;30.7;2016-02-26 09:00:00 UTC
26445;24;R/C Drive Unit 12V;OK;41.0;2016-02-26 09:00:00 UTC
26444;25;R/C Drive Unit 12V;OK;17.3;2016-02-26 09:00:00 UTC
26443;26;R/C Drive Unit 12V;OK;53.8;2016-02-26 09:00:00 UTC
26442;27;R/C Drive Unit 12V;OK;27.9;2016-02-26 09:00:00 UTC
26441;28;R/C Drive Unit 12V;OK;18.3;2016-02-26 09:00:00 UTC
26440;29;R/C Drive Unit 12V;OK;50.4;2016-02-26 09:00:00 UTC
26439;30;R/C Drive Unit 12V;OK;37.8;2016-02-26 09:00:00 UTC
26438;31;R/C Drive Unit 12V;OK;62.5;2016-02-26 09:00:00 UTC
26437;32;R/C Drive Unit 12V;Problematic;131.8;2016-02-26 09:00:00 UTC
26436;33;R/C Drive Unit 12V;OK;43.1;2016-02-26 09:00:00 UTC
26435;34;Autobody;OK;45.1;2016-02-26 09:00:00 UTC
26434;35;Autobody;OK;46.4;2016-02-26 09:00:00 UTC
26433;36;Autobody;OK;61.9;2016-02-26 09:00:00 UTC
26432;37;Autobody;OK;48.4;2016-02-26 09:00:00 UTC
26431;38;Autobody;OK;40.5;2016-02-26 09:00:00 UTC
26430;39;Autobody;OK;44.9;2016-02-26 09:00:00 UTC
26429;40;Autobody;OK;13.5;2016-02-26 09:00:00 UTC
26428;41;Autobody;Problematic;41.6;2016-02-26 09:00:00 UTC
26427;42;Autobody;OK;46.0;2016-02-26 09:00:00 UTC
26426;43;Autobody;OK;21.2;2016-02-26 09:00:00 UTC
26425;44;Autobody;OK;41.6;2016-02-26 09:00:00 UTC
26424;45;Autobody;OK;20.1;2016-02-26 09:00:00 UTC
26423;46;Autobody;OK;51.8;2016-02-26 09:00:00 UTC
26422;47;Autobody;OK;5.1;2016-02-26 09:00:00 UTC
26421;48;Autobody;Problematic;107.4;2016-02-26 09:00:00 UTC
26420;49;Autobody;OK;50.2;2016-02-26 09:00:00 UTC
26419;50;Autobody;OK;39.5;2016-02-26 09:00:00 UTC
26506;11;Super-X Booster Beast;OK;41.6;2016-02-29 09:00:00 UTC
26505;12;Super-X Booster Beast;OK;57.1;2016-02-29 09:00:00 UTC
26504;13;Super-X Booster Beast;OK;53.8;2016-02-29 09:00:00 UTC
26503;14;Super-X Monster Truck;OK;5.5;2016-02-29 09:00:00 UTC
26502;15;Super-X Monster Truck;OK;40.8;2016-02-29 09:00:00 UTC
26501;16;Super-X Monster Truck;OK;64.2;2016-02-29 09:00:00 UTC
26500;17;Super-X Monster Truck;Problematic;140.0;2016-02-29 09:00:00 UTC
26499;18;Super-X Monster Truck;OK;34.5;2016-02-29 09:00:00 UTC
26498;19;Super-X Monster Truck;Problematic;61.0;2016-02-29 09:00:00 UTC
26497;20;Super-X Monster Truck;OK;39.9;2016-02-29 09:00:00 UTC
26496;21;Super-X Monster Truck;OK;13.2;2016-02-29 09:00:00 UTC
26495;22;Super-X Monster Truck;OK;13.3;2016-02-29 09:00:00 UTC
26494;23;Super-X Buggy Champ;OK;11.8;2016-02-29 09:00:00 UTC
26493;24;Super-X Buggy Champ;OK;63.2;2016-02-29 09:00:00 UTC
26492;25;Super-X Buggy Champ;OK;14.4;2016-02-29 09:00:00 UTC
26491;26;Super-X Buggy Champ;OK;10.6;2016-02-29 09:00:00 UTC
26490;27;Super-X Buggy Champ;OK;40.8;2016-02-29 09:00:00 UTC
26489;28;Super-X Buggy Champ;OK;32.2;2016-02-29 09:00:00 UTC
26488;29;Super-X Buggy Champ;Problematic;50.4;2016-02-29 09:00:00 UTC
26487;30;Super-X Buggy Champ;OK;18.5;2016-02-29 09:00:00 UTC
26486;31;Super-X Buggy Champ;OK;53.6;2016-02-29 09:00:00 UTC
26485;32;Super-X Buggy Champ;OK;10.0;2016-02-29 09:00:00 UTC
26484;33;Super-X Buggy Champ;OK;18.1;2016-02-29 09:00:00 UTC
26483;34;Super-X Buggy Champ;OK;39.2;2016-02-29 09:00:00 UTC
26482;35;Super-X Buggy Champ;Problematic;126.2;2016-02-29 09:00:00 UTC
26481;36;Super-X Buggy Champ;OK;50.6;2016-02-29 09:00:00 UTC
26480;37;Super-X Buggy Champ;OK;61.0;2016-02-29 09:00:00 UTC
26479;38;Super-X Buggy Champ;OK;24.8;2016-02-29 09:00:00 UTC
26478;39;Super-X Buggy Champ;OK;43.5;2016-02-29 09:00:00 UTC
26477;40;BIPM Experts Autobody;Problematic;39.4;2016-02-29 09:00:00 UTC
26476;41;BIPM Experts Autobody;OK;17.5;2016-02-29 09:00:00 UTC
26475;42;BIPM Experts Autobody;Problematic;87.4;2016-02-29 09:00:00 UTC
26474;43;Booster Beast Autobody;OK;8.4;2016-02-29 09:00:00 UTC
26473;44;Booster Beast Autobody;OK;39.5;2016-02-29 09:00:00 UTC
26472;45;Booster Beast Autobody;OK;49.3;2016-02-29 09:00:00 UTC
26471;46;Booster Beast Autobody;Problematic;101.0;2016-02-29 09:00:00 UTC
26470;47;Booster Beast Autobody;OK;18.1;2016-02-29 09:00:00 UTC
26469;48;Booster Beast Autobody;OK;15.2;2016-02-29 09:00:00 UTC
26468;49;Booster Beast Autobody;OK;46.8;2016-02-29 09:00:00 UTC
26467;50;Booster Beast Autobody;OK;53.1;2016-02-29 09:00:00 UTC
26525;32;Super-X BIPM Expert Racer;OK;44.6;2016-03-01 09:00:00 UTC
26524;33;Super-X BIPM Expert Racer;OK;58.5;2016-03-01 09:00:00 UTC
26523;34;Super-X BIPM Expert Racer;OK;10.4;2016-03-01 09:00:00 UTC
26522;35;Super-X BIPM Expert Racer;OK;52.3;2016-03-01 09:00:00 UTC
26521;36;Super-X BIPM Expert Racer;OK;50.0;2016-03-01 09:00:00 UTC
26520;37;Super-X BIPM Expert Racer;OK;33.1;2016-03-01 09:00:00 UTC
26519;38;Super-X BIPM Expert Racer;Problematic;83.4;2016-03-01 09:00:00 UTC
26518;39;Super-X Booster Beast;OK;35.6;2016-03-01 09:00:00 UTC
26517;40;Super-X Booster Beast;OK;29.6;2016-03-01 09:00:00 UTC
26516;41;Super-X Booster Beast;OK;8.3;2016-03-01 09:00:00 UTC
26515;42;Super-X Booster Beast;OK;54.3;2016-03-01 09:00:00 UTC
26514;43;Super-X Booster Beast;OK;14.2;2016-03-01 09:00:00 UTC
26513;44;Super-X Booster Beast;OK;9.3;2016-03-01 09:00:00 UTC
26512;45;Super-X Booster Beast;OK;27.4;2016-03-01 09:00:00 UTC
26511;46;Super-X Booster Beast;OK;58.0;2016-03-01 09:00:00 UTC
26510;47;Super-X Booster Beast;OK;24.9;2016-03-01 09:00:00 UTC
26509;48;Super-X Booster Beast;OK;53.6;2016-03-01 09:00:00 UTC
26508;49;Super-X Booster Beast;OK;13.5;2016-03-01 09:00:00 UTC
26507;50;Super-X Booster Beast;OK;42.4;2016-03-01 09:00:00 UTC
